;Echte_Erzeugung_MWh;Quantil_0_1_MWh;Median_q0_5_MWh;Quantil_0_9_MWh
0;0.0;-1.370701;5.3604918;15.328257
1;0.0;-10.064014;-1.3210951;7.6800714
2;0.0;-18.355473;-5.759313;10.347138
3;0.0;-24.552958;-4.0040064;31.068266
4;1.12;-24.767979;10.027538;79.97405
5;9.45;-28.008375;27.714516;148.85689
6;31.43;-15.403023;70.84085;256.87726
7;58.08;18.07204;141.68445;384.0781
8;121.299995;93.1846;252.53908;513.2309
9;223.16;166.43517;343.9211;579.5202
10;328.08002;282.66306;457.96573;644.72644
11;450.49002;437.71292;594.6778;740.51404
12;608.17004;596.7395;734.6336;859.42365
13;761.32;744.40845;872.63025;990.4761
14;922.55005;892.944;1022.6862;1141.8784
15;1121.87;1047.7255;1184.5498;1306.959
16;1334.1;1233.322;1379.4897;1503.0835
17;1597.75;1469.1796;1622.9362;1744.2076
18;1850.29;1741.5503;1900.7279;2020.3718
19;2117.29;2005.297;2165.57;2284.6934
20;2366.53;2264.8596;2424.0706;2541.7214
21;2626.02;2535.173;2690.8684;2804.972
22;2919.24;2775.3235;2927.1067;3040.7986
23;3194.97;3024.903;3175.895;3288.523
24;3471.2102;3301.9705;3454.9482;3566.8262
25;3735.5598;3614.7917;3768.006;3877.1284
26;4021.4001;3872.6528;4023.2498;4133.3516
27;4294.6304;4104.709;4254.06;4364.384
28;4634.9097;4361.868;4513.561;4623.27
29;4941.71;4720.0825;4875.1255;4980.229
30;5290.36;5053.83;5208.444;5314.423
31;5499.48;5372.2095;5525.6035;5633.36
32;5743.7197;5613.999;5764.7637;5876.598
33;6010.17;5826.9478;5975.426;6086.8394
34;6199.8203;6024.574;6174.8667;6286.1147
35;6383.4897;6209.53;6363.253;6475.4736
36;6521.31;6380.9053;6537.575;6651.6333
37;6663.15;6522.103;6678.159;6791.625
38;6716.48;6605.223;6760.1606;6874.654
39;6645.3604;6634.2534;6788.5337;6904.8516
40;6560.36;6564.29;6716.4146;6835.949
41;6486.81;6426.279;6575.714;6694.7983
42;6351.88;6247.341;6396.874;6515.5283
43;6076.94;6066.287;6218.174;6336.012
44;5752.28;5802.9204;5953.9688;6073.538
45;5417.4;5420.6445;5567.459;5688.374
46;5013.6997;4967.55;5112.953;5235.284
47;4585.48;4499.5957;4646.503;4769.5693
48;4115.5703;4026.394;4174.2163;4298.166
49;3648.74;3543.4812;3688.1128;3813.2056
50;3188.88;3042.6104;3180.6023;3307.7031
51;2741.6;2558.1006;2688.1497;2814.865
52;2307.38;2092.2407;2213.5146;2337.4111
53;1858.7601;1655.89;1768.4158;1887.1431
54;1441.09;1223.273;1327.1135;1439.2341
55;1059.41;816.65643;910.9842;1013.8211
56;723.48;475.27106;556.3958;646.8655
57;440.83;235.03784;299.38925;374.26776
58;218.76;92.648796;139.75488;195.67152
59;77.479996;22.70026;55.133076;92.39067
60;18.259998;-2.7167408;18.82584;41.84389
61;3.78;-6.143055;8.253821;24.589544
62;2.07;-1.8189181;8.331216;22.518637
63;0.05;2.17571;9.845157;24.449465
64;0.05;3.3891406;9.611589;24.749517
65;0.04;0.7944463;6.221314;20.865108
66;0.04;-1.2586559;3.743736;16.394115
67;0.01;-2.2945666;2.3468256;12.825802
68;0.01;-2.4973707;1.7596502;10.5951185
69;0.01;-3.0402832;0.86472124;9.070318
70;0.01;-2.6161902;1.089453;9.369582
71;0.01;-2.1918874;1.3267714;9.736419
72;0.01;-2.139826;1.1718826;9.392435
73;0.01;-2.8639727;0.32113;7.5822415
74;0.01;-2.949586;0.15222332;7.282336
75;0.01;-2.6419556;0.29585817;8.050906
76;0.01;-2.4267008;0.35953134;8.881174
77;0.0;-2.7753484;0.11308159;7.6362405
78;0.0;-2.923944;0.022606447;8.010136
79;0.0;-2.954497;-0.012783995;8.932459
80;0.0;-3.0770311;-0.14373356;9.644759
81;0.0;-3.1479354;0.11293352;8.744154
82;0.0;-3.2160754;0.25888824;9.976205
83;0.0;-3.4528015;0.20750546;11.110328
84;0.0;-3.7761033;0.0071077035;11.861376
85;0.0;-3.7046807;0.63944656;10.929575
86;0.0;-3.652607;1.0134401;12.396773
87;0.0;-4.0910883;0.78011984;12.94989
88;0.0;-4.6933675;0.22942089;12.615088
89;0.0;-4.3762603;0.9972503;11.221436
90;0.0;-3.5724726;1.9018537;13.344615
91;0.0;-3.1210346;2.34495;15.320507
92;0.0;-3.6916993;1.731713;14.898043
93;0.0;-5.9682374;-0.33218643;7.7676835
94;0.0;-6.3761654;-1.0159574;5.454274
95;0.0;-4.00587;1.461719;8.782407
96;0.0;-1.8529142;4.602633;14.233078
97;0.0;-4.1717715;4.474645;14.956633
98;0.0;-7.73639;5.0122147;24.281052
99;0.0;-13.320121;7.490977;47.244167
100;0.24000001;-17.345772;17.948284;94.62101
101;5.61;-29.061056;27.869453;158.01271
102;47.170002;-24.882454;63.79332;259.64108
103;220.74;32.433254;161.20918;410.85886
104;536.96;234.63295;405.43256;666.45667
105;921.37006;645.6172;843.86273;1069.9996
106;1394.35;1211.879;1405.616;1579.1306
107;1935.2301;1806.5472;1963.9904;2097.3562
108;2553.1702;2406.7524;2527.5188;2641.1506
109;3230.51;3083.2422;3190.9985;3299.4531
110;3975.54;3830.884;3946.0142;4059.974
111;4748.31;4606.6235;4735.3057;4857.736
112;5581.43;5383.1665;5524.7046;5655.217
113;6457.23;6191.293;6344.7476;6482.079
114;7351.68;7023.0444;7190.484;7337.6104
115;8176.0;7864.5835;8048.771;8208.739
116;8755.32;8659.25;8861.738;9038.148
117;9444.21;9228.764;9441.984;9637.306
118;9815.51;9707.008;9935.69;10146.051
119;10271.95;10047.513;10290.743;10514.461
120;10669.471;10360.479;10618.338;10852.413
121;11027.99;10696.561;10966.116;11206.903
122;11297.26;11005.639;11281.876;11532.42
123;11281.55;11246.186;11522.615;11785.22
124;11619.59;11259.039;11524.939;11800.092
125;11806.47;11386.615;11651.391;11925.307
126;11959.93;11605.779;11875.131;12150.151
127;11935.38;11796.694;12063.7;12347.178
128;11787.0;11784.787;12038.084;12333.809
129;11725.221;11570.3;11805.036;12101.591
130;11618.381;11363.378;11589.613;11876.558
131;11449.66;11237.877;11462.369;11738.903
132;11316.68;11078.612;11296.978;11568.494
133;11078.95;10865.465;11073.535;11336.786
134;10811.761;10564.285;10761.161;11016.346
135;10463.97;10254.88;10444.287;10688.891
136;10099.55;9908.743;10091.751;10326.455
137;9663.66;9489.131;9664.324;9887.047
138;9362.42;8977.91;9145.418;9357.317
139;8864.109;8556.376;8724.631;8922.087
140;8309.03;8120.8145;8288.821;8475.937
141;7706.45;7565.0005;7727.2046;7906.353
142;7102.27;6867.9395;7024.3657;7198.0254
143;6292.54;6157.2866;6315.4775;6481.019
144;5735.7397;5383.1753;5543.5117;5703.8945
145;4945.13;4688.222;4853.6475;5005.4243
146;4237.32;3983.7036;4148.0146;4297.267
147;3526.55;3289.6074;3447.7935;3595.5417
148;2815.25;2617.7651;2765.358;2910.594
149;2127.23;1985.0588;2118.8557;2258.0479
150;1526.2799;1383.9178;1504.0021;1632.0974
151;1041.47;858.2966;966.21136;1077.2864
152;646.3;460.04865;552.67865;645.4168
153;350.95;205.57716;277.85953;353.55963
154;153.03;68.08038;119.49383;177.28712
155;40.91;8.619572;42.944744;84.31745
156;8.12;-10.452866;11.6938505;40.632523
157;3.6399999;-10.498363;3.9787345;26.916035
158;2.0600002;-4.61865;5.4593086;25.840502
159;0.05;-0.61232376;6.881343;26.024265
160;0.05;0.04268324;5.893076;23.225212
161;0.05;-1.8807527;2.932767;18.721395
162;0.04;-3.3751104;0.87424755;13.734996
163;0.0;-3.757643;-0.049803283;10.164017
164;0.0;-3.2029953;-0.047582127;8.455156
165;0.0;-3.414425;-0.60938686;6.7957053
166;0.0;-3.062211;-0.5534137;6.037254
167;0.0;-2.3232443;-0.18884774;6.295303
168;0.0;-1.432412;0.37216726;7.300648
169;0.0;-1.5824636;0.1303079;6.940475
170;0.0;-1.4006249;0.28164276;7.631206
171;0.0;-1.3850274;0.20316187;8.0475
172;0.0;-1.8464851;-0.3926019;7.3139753
173;0.0;-3.0105197;-1.4374343;4.0122986
174;0.0;-2.9982293;-1.3921721;3.7987714
175;0.0;-1.9377501;-0.36051852;6.4750195
176;0.0;-1.4239223;0.22872986;8.288322
177;0.0;-2.0297306;0.066042416;6.2644043
178;0.0;-2.6768773;-0.34541467;5.310195
179;0.0;-2.9168363;-0.54808295;5.2972136
180;0.0;-2.776706;-0.4102231;6.0740266
181;0.0;-2.6703372;0.22690357;4.7807207
182;0.0;-2.2463675;0.9244457;6.5454054
183;0.0;-1.8800247;1.4495273;9.136559
184;0.0;-1.8181037;1.6897085;11.242807
185;0.0;-2.291087;1.9271256;9.593721
186;0.0;-2.7080474;1.7754451;9.9685545
187;0.0;-3.0955653;1.4427158;10.622463
188;0.0;-3.6462398;0.92331046;10.532186
189;0.0;-5.2152157;-0.23776256;5.659065
190;0.0;-5.3933773;-0.32093257;4.9042664
191;0.0;-4.985795;0.45064816;6.456658
192;0.0;-5.9759007;0.5605214;8.177463
193;0.0;-10.962288;-2.1346803;5.830933
194;0.0;-13.948955;-0.7464076;15.97101
195;0.0;-16.91921;4.57899;42.1473
196;0.29999998;-27.115778;8.17761;82.06158
197;3.8400002;-54.907158;0.18415862;125.31027
198;8.860001;-64.930664;19.722496;207.80206
199;47.219997;-30.368984;91.37363;332.94003
200;159.66;63.694885;220.2593;477.7048
201;319.48;201.88182;375.8901;605.53625
202;509.24002;398.54495;566.9153;748.1264
203;731.66003;632.35364;777.3883;919.2422
204;961.99;888.2544;1011.76215;1133.3241
205;1228.9401;1150.5773;1265.097;1380.9767
206;1503.63;1429.425;1547.9121;1666.2681
207;1805.2101;1714.9282;1842.6215;1965.217
208;2084.74;2016.1925;2153.781;2278.4434
209;2357.28;2315.15;2458.3406;2582.581
210;2649.69;2562.9592;2707.4365;2832.8782
211;2947.85;2784.936;2930.0742;3055.4275
212;3253.5999;3042.515;3191.1504;3314.6855
213;3555.56;3367.887;3519.756;3639.5793
214;3833.69;3692.4;3844.5151;3964.689
215;4095.9998;3970.3813;4119.5737;4242.1074
216;4313.7197;4208.3047;4355.0767;4479.7993
217;4521.08;4423.7524;4568.1323;4691.82
218;4697.42;4592.379;4736.2715;4860.1064
219;4851.88;4732.6274;4878.272;5002.1255
220;5028.0;4862.704;5011.5713;5135.2686
221;5181.5;5024.818;5175.6816;5295.2314
222;5278.14;5162.562;5313.7627;5431.7515
223;5367.52;5252.434;5402.3066;5520.4336
224;5449.16;5310.1865;5459.2495;5577.625
225;5482.0;5381.7495;5529.9307;5644.3955
226;5519.54;5395.4043;5541.7827;5655.291
227;5532.3003;5384.8877;5530.887;5643.5
228;5461.6597;5375.428;5522.6973;5634.253
229;5295.04;5333.347;5478.4937;5587.5366
230;5108.81;5142.5435;5281.714;5392.63
231;4848.0303;4859.177;4995.067;5106.994
232;4557.87;4533.607;4670.2046;4782.0015
233;4287.71;4206.0767;4343.867;4452.8413
234;4016.3098;3862.7104;4001.2847;4109.3726
235;3779.1;3544.487;3684.1282;3790.9126
236;3537.36;3279.3198;3419.6406;3524.455
237;3273.19;3051.37;3188.6848;3291.4783
238;2994.23;2793.9712;2924.668;3028.6375
239;2715.9102;2514.422;2637.9807;2743.0195
240;2415.48;2220.5688;2337.3345;2442.815
241;2129.5;1925.0167;2034.514;2139.3774
242;1844.32;1608.692;1710.9968;1814.9286
243;1583.28;1290.5887;1387.0337;1488.1569
244;1321.27;993.6269;1084.7297;1182.0482
245;1071.12;726.96814;811.0272;904.44434
246;837.97003;492.03073;566.38226;654.238
247;627.16;302.8208;365.31412;444.49307
248;438.85;166.84935;216.61961;284.03812
249;277.63;76.78293;114.59978;168.401
250;148.52;21.403345;48.799717;86.739456
251;62.74;-3.1905322;16.013952;40.136513
252;19.68;-8.404724;4.8383718;20.061691
253;4.42;-6.1601024;3.2155943;15.266459
254;2.3300002;-1.8704983;5.150963;16.083351
255;0.2;1.4223675;7.0030627;18.001839
256;0.17999999;2.3902862;7.064465;17.855885
257;0.17;0.5233294;4.6835327;15.09
258;0.16;-0.5029564;3.3982227;12.524959
259;0.04;-0.51370436;3.1217628;11.386837
260;0.04;-0.1885269;3.1774397;11.062549
261;0.04;-1.2075322;2.0004237;9.359316
262;0.04;-1.3853606;1.7228284;8.749139
263;0.030000001;-0.94580585;1.9683403;9.488883
264;0.030000001;-0.6344983;2.1040778;10.324186
265;0.030000001;-1.5062532;1.2239071;8.977672
266;0.030000001;-1.9935011;0.76289356;8.39632
267;0.030000001;-2.108187;0.57384837;8.42643
268;0.030000001;-2.1327925;0.44413278;8.595682
269;0.030000001;-2.5323787;0.17078233;7.134456
270;0.030000001;-2.6588364;0.14412844;7.19808
271;0.030000001;-2.5650542;0.23356704;8.065269
272;0.02;-2.518879;0.27285686;8.896081
273;0.02;-2.5764809;0.57473683;7.813094
274;0.0;-2.6529133;0.7306127;8.528504
275;0.0;-2.657652;0.8262706;10.172358
276;0.0;-2.8358626;0.7885602;11.372029
277;0.0;-3.0920608;1.1540147;9.550977
278;0.0;-3.2991714;1.225684;10.076996
279;0.0;-3.409958;1.2367405;11.2843685
280;0.0;-3.4055896;1.2799296;12.802899
281;0.0;-3.3627954;1.8648344;11.370994
282;0.0;-3.3557615;1.940107;12.381966
283;0.0;-3.3109436;1.8660684;13.937121
284;0.0;-3.448495;1.577466;14.661811
285;0.0;-4.084227;1.1387134;10.574733
286;0.0;-4.0605965;0.8008013;9.325702
287;0.0;-3.137212;1.4523408;10.113473
288;0.0;-1.8191526;3.1058197;12.699295
289;0.0;-3.5248656;2.7165248;10.772761
290;0.0;-5.182065;3.8244874;17.732141
291;0.0;-7.394381;7.950954;38.592068
292;0.14;-11.693406;15.758471;78.738205
293;3.78;-25.878212;20.582232;133.2417
294;12.4;-26.701433;49.61335;229.8209
295;55.74;16.46839;133.31258;377.71152
296;140.42;129.00256;288.11655;559.7914
297;258.52;284.49457;469.13113;716.97736
298;401.92;442.92712;624.66125;818.02155
299;558.92;578.5428;732.79535;875.964
300;726.72003;717.9863;845.93286;960.26904
301;906.38;860.4756;978.0232;1083.4437
302;1093.72;1037.2511;1160.4944;1268.0602
303;1300.58;1235.289;1369.9525;1483.1306
304;1515.5599;1436.0791;1581.4762;1698.459
305;1735.05;1645.3379;1797.573;1913.1909
306;1964.3701;1859.8241;2016.2925;2130.0723
307;2178.5898;2078.6206;2237.134;2348.9915
308;2411.02;2281.7227;2440.1975;2550.939
309;2676.48;2495.0493;2651.697;2758.4207
310;2938.5698;2727.861;2883.992;2988.142
311;3232.27;2989.587;3146.44;3249.272
312;3494.68;3285.939;3444.2043;3546.5586
313;3750.25;3586.355;3742.0686;3842.7751
314;3982.0898;3820.1902;3971.4788;4073.2756
315;4193.82;4014.6;4164.0137;4266.433
316;4379.94;4208.3374;4359.86;4462.583
317;4544.33;4432.9336;4586.154;4686.327
318;4678.62;4582.192;4734.119;4835.8486
319;4738.6597;4658.9673;4809.473;4912.7925
320;4778.1;4678.5415;4829.241;4933.628
321;4786.81;4691.1514;4842.372;4943.3022
322;4724.73;4658.8613;4810.815;4910.532
323;4626.77;4567.0615;4719.1313;4819.2876
324;4509.17;4420.3564;4572.4326;4673.427
325;4357.63;4270.1187;4421.771;4519.76
326;4174.5903;4077.5793;4228.2754;4325.8613
327;3941.2;3857.1975;4007.2124;4105.1216
328;3715.17;3600.423;3748.973;3848.0183
329;3478.41;3346.419;3492.1794;3589.7434
330;3228.1602;3072.1626;3214.0642;3312.338
331;2950.92;2797.9563;2935.9812;3035.1929
332;2690.6501;2515.0828;2648.0955;2748.7476
333;2447.36;2253.8767;2380.5483;2480.8252
334;2205.26;1987.8704;2107.2666;2208.268
335;1973.8699;1718.9695;1831.6022;1932.8906
336;1746.05;1451.8501;1558.4598;1659.4447
337;1521.3099;1198.9122;1299.3474;1399.2385
338;1297.31;940.2091;1033.6427;1131.9196
339;1089.06;691.51434;776.9495;871.66925
340;910.20996;474.5439;550.2351;639.2304
341;739.7;314.57227;379.45786;461.37024
342;575.3;197.90651;251.40047;324.178
343;417.11002;112.782005;155.3166;216.59756
344;280.05;51.919548;84.45566;132.21773
345;165.06;13.198352;37.484352;72.095116
346;76.16;-4.7425966;13.015291;35.503426
347;27.18;-8.900166;3.9215767;17.970299
348;10.76;-7.253547;1.9634538;11.178049
349;3.5299997;-4.0692716;2.8715122;11.723565
350;2.22;-0.48196647;5.181022;14.377799
351;0.0;1.9854432;6.8654494;16.938644
352;0.0;2.0333338;6.415097;16.331182
353;0.0;-0.7989133;3.283315;12.342725
354;0.0;-1.7176703;2.1763887;10.067914
355;0.0;-1.0662789;2.5995932;10.463527
356;0.0;-0.50897825;2.9493022;11.115314
357;0.0;-1.5059447;1.7960773;10.226703
358;0.0;-1.9677603;1.2705021;9.838888
359;0.0;-2.029854;1.075978;10.116237
360;0.0;-2.147378;0.8199526;10.298569
361;0.0;-3.2463078;-0.28114918;8.280524
362;0.0;-3.749178;-0.7761711;7.3754764
363;0.0;-3.705495;-0.83880776;7.5801687
364;0.0;-3.4953737;-0.7640288;8.388028
365;0.0;-3.5511494;-0.75830317;8.227068
366;0.0;-3.7911084;-0.829627;8.656097
367;0.0;-4.1847467;-1.1314576;8.528702
368;0.0;-4.473053;-1.4050548;8.173563
369;0.0;-4.4063444;-1.0291857;6.5463433
370;0.0;-4.187116;-0.62246704;7.0252247
371;0.0;-3.7969823;-0.20281635;8.785615
372;0.0;-3.5228913;0.11431557;10.673994
373;0.0;-3.2891023;0.896854;9.888445
374;0.0;-3.3936448;1.0364414;10.975924
375;0.0;-3.5938697;0.92839444;12.588879
376;0.0;-3.803769;0.79719806;14.089541
377;0.0;-3.8741798;1.3019438;12.367997
378;0.0;-4.019715;1.2133442;12.942684
379;0.0;-3.91959;1.1692172;14.377157
380;0.0;-3.7725124;1.1646268;15.366856
381;0.0;-3.5149693;1.6490366;12.572392
382;0.0;-2.9983158;1.8927222;12.021003
383;0.0;-2.7861953;1.8705107;11.490492
384;0.0;-4.1459136;0.6860908;9.601619
385;0.0;-9.821612;-4.187622;0.9791849
386;0.0;-10.007141;-2.0921328;8.24622
387;0.0;-4.6298175;9.4440155;37.08612
388;0.44;-2.419402;23.408382;83.58378
389;6.08;-18.304127;25.405647;133.49536
390;25.85;-27.209066;44.66397;217.80916
391;79.579994;8.050005;119.556885;356.73038
392;191.29999;131.61955;287.49234;556.69257
393;356.36002;324.87354;511.7035;764.34076
394;557.54004;554.5458;746.3699;946.74414
395;789.72;782.5195;951.44257;1097.7721
396;1055.48;1028.5432;1169.3663;1281.632
397;1342.0901;1294.8822;1421.0547;1520.7981
398;1670.2401;1584.1553;1712.0493;1813.1157
399;1992.79;1904.7732;2042.7109;2148.1394
400;2357.25;2235.1895;2383.5325;2492.4014
401;2707.97;2592.8938;2748.2327;2855.949
402;3096.98;2933.503;3091.57;3199.5457
403;3466.0598;3273.4897;3432.5652;3540.1426
404;3837.3699;3643.2336;3803.7678;3910.9683
405;4203.83;4050.879;4210.914;4317.2383
406;4542.31;4430.2725;4587.8706;4697.429
407;4866.73;4746.6587;4901.161;5015.555
408;5177.09;5030.752;5185.367;5303.5215
409;5470.21;5331.635;5488.2812;5606.196
410;5719.6396;5597.6934;5756.9644;5876.7354
411;5943.2603;5817.0605;5978.5723;6100.9062
412;6131.13;6025.2427;6190.1455;6314.471
413;6283.33;6230.368;6396.374;6519.887
414;6380.86;6349.373;6513.922;6639.4907
415;6472.38;6392.2456;6555.2153;6682.8413
416;6518.37;6430.627;6595.384;6723.1436
417;6567.75;6483.2666;6648.986;6773.335
418;6567.18;6485.878;6650.5703;6774.1597
419;6535.6104;6447.914;6611.0586;6734.451
420;6492.9697;6383.388;6545.6294;6668.705
421;6358.29;6317.161;6477.877;6597.0215
422;6195.73;6161.588;6318.8047;6437.4873
423;6097.2803;5937.7124;6092.2104;6210.791
424;5878.34;5746.863;5903.5273;6019.183
425;5701.2;5559.373;5716.4307;5828.0913
426;5465.9897;5326.259;5481.8247;5592.4844
427;5255.0103;5053.417;5207.4844;5317.972
428;4968.3;4787.185;4941.686;5050.861
429;4696.19;4495.415;4648.05;4756.301
430;4377.4;4172.5967;4322.9087;4432.247
431;4068.78;3841.318;3989.3638;4100.224
432;3727.81;3503.6826;3648.5818;3761.1165
433;3328.76;3159.4822;3298.579;3412.6692
434;2970.52;2764.7104;2895.0498;3012.4866
435;2595.0598;2365.4392;2487.7134;2605.716
436;2213.79;1968.9597;2083.7314;2200.4358
437;1832.1699;1578.4061;1685.8972;1799.8364
438;1476.01;1176.2069;1276.4427;1385.7319
439;1134.2999;799.41327;891.3834;993.0267
440;825.43;484.34534;564.2502;655.4956
441;539.75;255.66548;320.04724;397.54123
442;314.99002;111.738815;159.84988;219.40565
443;144.72;36.38454;70.34879;111.58024
444;43.42;4.1222277;27.217669;53.437492
445;9.219999;-5.616443;10.020579;27.365005
446;3.85;-3.9831522;7.0259156;20.090961
447;0.0;0.027505333;8.266556;20.719301
448;0.0;2.1594462;8.754075;21.78447
449;0.0;0.61909825;6.271808;19.755615
450;0.0;-0.95053196;4.246162;16.661642
451;0.0;-1.6089694;3.1970847;14.878398
452;0.0;-2.1220074;2.4133615;13.05621
453;0.0;-3.614218;0.67927927;10.026453
454;0.0;-3.9387538;0.18203619;8.606343
455;0.0;-3.4616861;0.40000576;8.944107
456;0.0;-3.004103;0.61915994;9.675756
457;0.0;-3.4895246;0.0008391039;8.8266325
458;0.0;-3.820798;-0.35242364;8.475937
459;0.0;-3.9384947;-0.5785868;8.504071
460;0.0;-3.9889889;-0.7387076;8.522433
461;0.0;-4.237882;-0.89458346;6.9511366
462;0.0;-4.254195;-0.8549975;6.9781857
463;0.0;-4.063225;-0.71200436;7.968328
464;0.0;-3.908509;-0.5991202;9.169727
465;0.0;-3.777288;-0.13238098;8.40333
466;0.0;-3.9049551;-0.03430454;9.029055
467;0.0;-4.0648537;-0.09476938;10.196988
468;0.0;-4.2121167;-0.14866947;11.449227
469;0.0;-4.017099;0.6267119;10.468413
470;0.0;-4.0861278;0.8300712;11.6007595
471;0.0;-4.2345996;0.7950263;13.429858
472;0.0;-4.473917;0.6503055;15.018134
473;0.0;-4.254985;1.4415805;14.107804
474;0.0;-4.1185317;1.6725315;15.84702
475;0.0;-4.416414;1.3325957;16.801823
476;0.0;-5.049061;0.5370265;16.140213
477;0.0;-5.682868;-0.010710915;10.885349
478;0.0;-5.3302226;-0.25716066;9.1307335
479;0.0;-3.2071786;1.3380252;10.941717
480;0.0;-0.50085247;4.1452227;14.848882
481;0.0;-0.9915123;4.668626;13.4480715
482;0.0;-2.450819;5.4344316;19.006887
483;0.04;-4.2573357;9.21573;37.759674
484;2.03;-7.4188633;17.217918;75.738754
485;20.92;-20.446716;21.999577;127.18727
486;91.6;-17.601599;53.668198;224.79584
487;288.47;51.76791;165.10416;402.8242
488;576.4;293.2134;458.0093;729.2923
489;947.68;733.5169;938.61316;1190.9338
490;1398.35;1281.8771;1492.7999;1686.6708
491;1920.8901;1822.954;1996.6565;2132.0364
492;2506.08;2382.04;2511.6133;2612.8896
493;3147.88;3003.5964;3114.6545;3205.849
494;3810.1099;3688.8699;3806.376;3902.296
495;4512.5703;4381.383;4512.751;4617.7793
496;5203.2803;5078.039;5222.5327;5335.2446
497;5916.0303;5768.7036;5921.9995;6041.398
498;6595.57;6448.4346;6609.9624;6738.053
499;7249.67;7110.941;7281.8857;7420.534
500;7866.9697;7751.3955;7934.058;8084.851
501;8478.12;8331.325;8524.321;8687.477
502;9030.15;8850.569;9055.648;9231.513
503;9494.53;9341.61;9561.04;9749.149
504;9911.94;9775.891;10008.452;10209.847
505;10241.59;10141.802;10382.729;10595.153
506;10517.38;10380.052;10624.799;10848.433
507;10707.18;10554.151;10801.886;11033.861
508;10816.45;10689.775;10940.101;11178.526
509;10871.5;10769.595;11017.741;11258.162
510;10909.221;10751.182;10992.9;11235.165
511;10899.35;10711.929;10947.784;11189.77
512;10779.88;10675.552;10906.897;11147.996
513;10671.38;10567.75;10789.711;11026.883
514;10480.73;10377.24;10588.186;10821.115
515;10292.75;10144.542;10346.033;10573.305
516;10064.6;9911.608;10106.677;10327.094
517;9677.43;9664.001;9852.168;10062.223
518;9323.27;9267.99;9444.3545;9647.8
519;8977.7;8808.533;8975.442;9170.421
520;8579.2705;8381.716;8545.837;8729.834
521;8124.3306;7977.487;8139.9854;8311.251
522;7709.85;7500.692;7658.74;7822.089
523;7295.2;7015.1597;7171.115;7326.1685
524;6845.58;6566.6055;6724.035;6869.9863
525;6335.24;6108.561;6265.9375;6403.533
526;5850.02;5601.3823;5757.4146;5890.738
527;5333.84;5080.3423;5236.1294;5366.1465
528;4784.83;4542.8555;4698.18;4826.2153
529;4209.37;3985.4182;4137.627;4265.099
530;3635.72;3402.3984;3548.769;3677.9846
531;3068.44;2834.882;2973.6516;3103.141
532;2520.56;2292.5571;2421.7332;2549.1228
533;2021.1699;1789.7695;1908.563;2030.7379
534;1536.7999;1312.4391;1421.7246;1535.9794
535;1121.35;871.19556;970.5261;1074.623
536;766.94;505.17514;590.83203;682.38965
537;492.66;248.35876;316.26062;392.35535
538;268.44998;100.127884;149.8337;207.33838
539;108.96999;30.144192;64.517815;104.63707
540;33.25;2.7794948;25.79198;52.487923
541;8.530001;-4.269916;11.199569;30.593334
542;3.6499999;-2.5435214;8.379786;24.17108
543;0.0;0.64845455;8.872784;23.867718
544;0.0;1.6979144;8.3066845;22.806894
545;0.0;-0.38002768;5.2463245;19.051262
546;0.0;-1.7847123;3.3033054;15.368287
547;0.0;-2.2354097;2.4172115;12.956702
548;0.0;-2.223761;2.0341854;11.445822
549;0.0;-3.114038;0.8260731;9.370521
550;0.0;-3.0157394;0.7131396;8.93774
551;0.0;-2.4586978;1.0129465;9.701226
552;0.0;-2.1242533;1.1164031;10.4081955
553;0.0;-2.8716974;0.27986583;9.09638
554;0.0;-3.306205;-0.17265797;8.440448
555;0.0;-3.327479;-0.31565115;8.594793
556;0.0;-3.2694573;-0.3871724;8.885617
557;0.0;-3.406083;-0.47137895;8.240099
558;0.0;-3.5603056;-0.4923072;8.455403
559;0.0;-3.7642078;-0.66476774;8.505058
560;0.0;-3.8806458;-0.805441;8.463893
561;0.0;-3.9674437;-0.5548945;6.190415
562;0.0;-3.7111962;-0.19862083;6.587755
563;0.0;-3.1055853;0.37266085;8.9621725
564;0.0;-2.730407;0.7880666;11.450708
565;0.0;-2.8027427;1.3199598;10.261648
566;0.0;-3.2699757;1.1183774;10.435343
567;0.0;-3.4514194;0.9954734;11.924703
568;0.0;-3.343718;1.1671935;14.179474
569;0.0;-3.3009238;1.8443503;13.022498
570;0.0;-3.69397;1.580082;13.299994
571;0.0;-4.108487;1.0594428;13.640127
572;0.0;-4.5624056;0.42123017;13.127287
573;0.0;-4.877168;0.21727856;8.911431
574;0.0;-4.2824655;0.36846533;8.188913
575;0.0;-3.2412117;1.0358984;9.004967
576;0.0;-2.193029;2.278414;11.092164
577;0.0;-3.618759;2.01918;9.232858
578;0.0;-3.7159717;4.558802;17.725428
579;0.02;-4.5964756;9.776942;39.410145
580;0.99;-7.255466;18.858269;80.2014
581;12.0199995;-21.896046;22.601412;132.18192
582;54.88;-25.59737;47.91777;223.61447
583;190.87001;25.83627;140.30392;380.36713
584;393.59;213.64943;375.65497;645.54443
585;648.84;537.906;734.111;983.41675
586;955.82;923.2365;1121.8706;1315.7998
587;1306.74;1280.8046;1446.7844;1586.6768
588;1726.8601;1636.271;1766.0323;1873.5872
589;2210.9402;2058.1555;2174.2122;2270.0796
590;2747.6501;2574.6733;2698.5574;2796.3708
591;3344.0203;3149.109;3286.8833;3390.6
592;4018.29;3761.65;3910.6191;4018.5867
593;4704.02;4433.818;4588.7476;4697.91
594;5343.52;5161.25;5319.4346;5432.4126
595;5982.35;5853.658;6011.607;6133.617
596;6658.76;6494.094;6653.592;6786.7046
597;7320.6104;7149.066;7315.686;7457.9175
598;7973.3896;7779.3936;7957.9526;8111.6978
599;8558.4;8372.901;8565.507;8731.7
600;9089.78;8918.479;9125.92;9304.918
601;9487.05;9408.897;9628.592;9818.155
602;9758.06;9737.523;9964.403;10166.128
603;9907.15;9905.251;10135.16;10346.727
604;10021.5;9957.252;10188.889;10406.039
605;10048.66;9977.402;10209.444;10424.4375
606;9989.33;9936.273;10165.784;10379.002
607;9900.61;9825.073;10047.684;10259.981
608;9767.19;9675.628;9890.465;10100.988
609;9705.01;9502.229;9708.138;9912.011
610;9558.02;9357.737;9558.068;9755.039
611;9489.25;9228.253;9423.646;9615.741
612;9315.87;9133.188;9324.804;9512.97
613;9125.351;8995.882;9180.309;9363.03
614;8856.92;8760.196;8935.747;9114.932
615;8617.93;8458.827;8627.432;8802.332
616;8277.34;8160.0938;8326.283;8495.121
617;8030.1504;7823.7217;7986.4653;8147.697
618;7575.93;7473.4194;7634.1616;7788.7734
619;7205.41;7048.8916;7206.0776;7356.791
620;6760.5396;6597.3115;6752.9;6898.681
621;6286.91;6127.604;6282.3525;6421.682
622;5778.4097;5609.4487;5763.454;5899.486
623;5354.92;5068.4634;5222.6694;5356.259
624;4870.29;4574.1113;4730.564;4860.0747
625;4407.72;4100.63;4255.957;4382.9116
626;3920.8198;3615.3137;3765.9836;3893.2375
627;3451.15;3128.206;3272.0356;3399.7742
628;2912.1199;2656.8857;2792.4504;2919.3955
629;2410.1099;2181.7393;2306.232;2432.1035
630;1930.3599;1697.6879;1811.542;1933.3009
631;1471.56;1230.3768;1335.7103;1449.2618
632;1064.0299;802.6566;898.41345;1001.50793
633;716.54;456.59918;538.3996;628.8943
634;420.16998;219.13864;283.19202;356.8772
635;189.46;82.88842;129.07501;183.27771
636;54.100002;18.24023;49.541286;85.32532
637;10.43;-4.9454565;15.699437;38.366547
638;3.32;-5.800824;8.081854;23.899506
639;0.0;-0.28828156;9.5498905;24.404547
640;0.0;3.0336568;10.531346;26.319036
641;0.0;1.6616231;7.829827;24.16491
642;0.0;-0.6440863;4.866704;19.30398
643;0.0;-2.2545612;2.7373543;14.752039
644;0.0;-2.872376;1.6502212;11.658114
645;0.0;-3.7423294;0.3925032;9.137841
646;0.0;-3.424161;0.4714283;8.733689
647;0.0;-2.7032843;0.926815;9.506554
648;0.0;-2.2989101;1.0912299;10.07675
649;0.0;-2.9738212;0.29709214;8.703432
650;0.0;-3.3489254;-0.11145274;8.012652
651;0.0;-3.3484564;-0.22858177;8.014973
652;0.0;-3.2428527;-0.25508758;8.209546
653;0.0;-3.3966804;-0.3380108;7.061158
654;0.0;-3.360969;-0.24319206;7.589744
655;0.0;-3.3294039;-0.19763365;8.340397
656;0.0;-3.3559837;-0.24018115;9.008422
657;0.0;-3.341867;0.11658608;7.8504095
658;0.0;-3.3700757;0.3008928;8.509007
659;0.0;-3.35396;0.40158525;10.027835
660;0.0;-3.441054;0.41802183;11.402978
661;0.0;-3.3567734;1.0837767;10.480507
662;0.0;-3.586293;1.1680326;11.201494
663;0.0;-3.8224268;1.0502126;12.579105
664;0.0;-4.009695;0.94611436;13.94408
665;0.0;-4.0320053;1.4941972;12.201756
666;0.0;-4.107352;1.4640882;12.885082
667;0.0;-4.036892;1.3749458;14.295172
668;0.0;-4.014717;1.1977468;15.111423
669;0.0;-4.427791;0.91427773;10.997642
670;0.0;-4.0390143;0.80884683;10.070777
671;0.0;-2.4233692;2.0220923;11.692271
672;0.0;-0.76038855;3.865801;14.392655
673;0.0;-3.3085434;2.2984536;10.233711
674;0.0;-5.228703;2.575654;15.043306
675;0.17999999;-6.7792068;6.5936785;34.02369
676;4.19;-10.99674;13.328277;70.64801
677;34.579998;-24.050755;17.858402;121.9006
678;163.25;-17.492317;53.29203;223.7449
679;460.34998;84.66036;199.57816;437.88647
680;823.59;435.75372;607.79004;880.6899
681;1296.04;1033.6189;1249.295;1502.2611
682;1860.9801;1719.4261;1934.8081;2124.8987
683;2501.14;2375.157;2539.4348;2669.2637
684;3222.31;3064.212;3177.5637;3275.6162
685;4001.1301;3844.8503;3943.8208;4035.4966
686;4806.16;4703.1523;4815.3765;4915.436
687;5633.1997;5543.9077;5674.102;5787.5054
688;6465.44;6360.175;6506.6226;6632.616
689;7297.6;7136.941;7296.9194;7435.334
690;7955.36;7916.475;8093.7026;8245.631
691;8656.609;8563.12;8755.11;8924.754
692;9282.84;9136.794;9345.719;9531.817
693;9868.26;9687.937;9915.246;10115.419
694;10412.96;10178.48;10422.356;10638.34
695;10917.811;10629.194;10887.361;11119.428
696;11312.149;11062.988;11334.185;11582.685
697;11633.22;11419.708;11697.075;11960.759
698;11832.37;11656.55;11935.009;12213.455
699;11942.591;11786.389;12062.698;12352.965
700;12053.79;11838.638;12111.579;12409.66
701;12150.96;11882.379;12151.414;12449.511
702;12106.4;11920.632;12185.576;12483.613
703;11989.19;11882.022;12137.519;12437.662
704;11958.439;11734.262;11976.307;12277.462
705;11788.29;11605.497;11837.986;12130.25
706;11624.891;11435.359;11658.826;11943.028
707;11383.63;11240.044;11454.103;11730.818
708;11159.18;10984.845;11188.569;11458.242
709;10867.06;10702.607;10896.795;11153.331
710;10569.811;10364.036;10549.26;10793.605
711;10261.79;10018.734;10197.339;10429.361
712;9803.37;9682.52;9856.77;10077.02
713;9391.89;9249.231;9414.9;9623.143
714;8956.261;8732.306;8889.877;9087.062
715;8638.08;8227.618;8382.747;8567.445
716;8224.86;7838.612;7997.96;8168.5444
717;7702.0903;7480.794;7641.5283;7799.927
718;7156.64;7005.077;7160.57;7313.8594
719;6542.83;6425.6353;6576.0957;6725.6245
720;5938.06;5765.6235;5914.379;6060.471
721;5273.59;5080.884;5231.0522;5373.073
722;4611.02;4366.4478;4517.92;4659.212
723;3944.27;3678.3489;3829.673;3970.0632
724;3300.19;3031.6824;3178.2705;3317.171
725;2651.3901;2439.7556;2576.4146;2712.1968
726;2061.8801;1870.09;1994.1567;2124.3909
727;1543.51;1328.208;1441.2913;1560.7959
728;1093.23;845.8095;948.2276;1053.5759
729;710.25;467.81104;555.1516;645.5712
730;410.5;217.0136;284.84268;357.929
731;186.14;79.69923;128.04922;182.22603
732;64.27;17.404915;49.865578;86.707596
733;17.66;-3.3965445;17.933477;43.10087
734;3.73;-4.6558914;9.714454;28.493008
735;0.04;-0.7309829;9.464401;26.4335
736;0.02;1.6995679;9.4225445;26.189913
737;0.02;0.10370337;6.391405;22.650278
738;0.02;-1.6538244;3.8453171;17.960426
739;0.02;-2.5744202;2.3127677;14.254746
740;0.0;-2.6274934;1.7276162;12.22456
741;0.0;-3.3990865;0.5696035;10.065348
742;0.0;-3.327627;0.40548462;9.213953
743;0.0;-2.702729;0.7202473;9.822057
744;0.0;-2.3051789;0.87158215;10.3143635
745;0.0;-3.086434;0.0031589794;8.519422
746;0.0;-3.485033;-0.44176352;7.4407787
747;0.0;-3.3544536;-0.48199114;7.455438
748;0.0;-2.8898616;-0.23381384;8.684479
749;0.0;-2.7786555;-0.055578295;8.985914
750;0.0;-2.9101233;-0.007749371;9.86416
751;0.0;-3.4987302;-0.45015457;9.224418
752;0.0;-4.0735164;-1.0065298;7.7836266
753;0.0;-4.104094;-0.77612174;5.67713
754;0.0;-3.705495;-0.23425807;6.1472754
755;0.0;-3.1929014;0.27952033;7.646211
756;0.0;-2.8224123;0.639101;9.209018
757;0.0;-2.6190283;1.330424;8.347752
758;0.0;-2.5429907;1.6489873;9.646486
759;0.0;-2.5469148;1.7504694;11.536149
760;0.0;-2.775003;1.6113757;12.887156
761;0.0;-3.290805;1.6751475;10.53801
762;0.0;-3.6539397;1.3994772;10.607063
763;0.0;-3.592821;1.3568804;11.87105
764;0.0;-3.4405482;1.4170984;12.944263
765;0.0;-3.873353;1.285902;9.57156
766;0.0;-3.9928513;1.0062337;8.544941
767;0.0;-3.6729677;1.2944906;9.08251
768;0.0;-3.4045222;2.2129638;11.116004
769;0.0;-6.564939;0.790041;9.002893
770;0.0;-9.599361;1.2051506;16.624771
771;0.58000004;-13.059899;4.9884233;39.302147
772;9.280001;-19.619904;11.560088;80.729324
773;49.04;-35.12506;16.19204;137.11964
774;171.51;-20.510353;62.522766;250.86331
775;412.83;102.28337;230.05922;478.72754
776;706.7;435.77762;613.06287;880.8307
777;1086.26;920.2937;1124.57;1359.5975
778;1543.17;1436.4504;1624.3217;1799.8499
779;2071.78;1959.3307;2098.946;2227.08
780;2654.69;2542.3604;2645.912;2752.6987
781;3297.46;3195.2432;3292.2876;3397.3315
782;3986.59;3882.204;3991.1145;4104.436
783;4715.65;4563.0757;4687.085;4809.6377
784;5378.7803;5259.378;5397.7764;5526.869
785;5950.81;5917.9507;6065.8184;6201.417
786;6606.21;6451.728;6605.3066;6750.2
787;7257.55;6969.495;7133.724;7285.1797
788;7722.74;7574.008;7756.4775;7912.971
789;8273.69;8105.724;8299.245;8464.676
790;8837.79;8549.409;8750.445;8926.445
791;9311.47;9021.062;9234.548;9419.164
792;9789.77;9504.614;9732.245;9927.347
793;10152.75;9961.562;10198.659;10404.51
794;10336.649;10277.656;10518.142;10737.249
795;10582.04;10410.569;10649.296;10879.885
796;10606.0;10524.583;10766.373;11002.256
797;10473.439;10558.072;10798.813;11035.311
798;10425.391;10378.537;10608.328;10845.774
799;10281.471;10167.863;10388.889;10621.409
800;10146.5205;9987.881;10204.309;10430.001
801;9848.85;9830.726;10040.921;10257.145
802;9546.54;9536.173;9733.045;9944.325
803;9139.74;9150.715;9333.857;9539.027
804;8697.58;8699.045;8871.756;9069.094
805;8216.69;8205.662;8370.068;8555.19
806;7768.75;7647.283;7805.17;7980.1523
807;7386.3;7110.066;7266.358;7430.481
808;7062.08;6665.5557;6825.323;6977.427
809;6647.46;6336.5376;6500.0596;6638.3867
810;6202.8;5983.746;6145.304;6276.497
811;5779.29;5563.6997;5719.946;5847.4863
812;5350.43;5109.147;5261.7114;5385.7983
813;4914.1797;4664.088;4814.591;4934.1157
814;4459.71;4205.883;4354.4565;4472.69
815;4028.22;3751.7761;3898.1458;4016.114
816;3666.47;3318.8672;3462.0117;3579.5645
817;3291.4302;2949.7542;3088.2156;3203.8738
818;2911.32;2600.3623;2731.42;2847.3213
819;2499.99;2250.6062;2372.8674;2489.094
820;2089.49;1871.0242;1983.6396;2099.3577
821;1711.25;1469.7491;1573.0966;1685.4688
822;1341.55;1068.5845;1164.1328;1269.3676
823;1010.97;712.3125;799.547;895.3667
824;724.36;427.7806;503.16727;588.6028
825;480.71;229.06213;289.63812;363.24973
826;275.72;105.60252;151.01303;210.09015
827;124.49999;37.434326;69.70042;113.42182
828;38.800003;4.728011;26.796438;56.667255
829;9.73;-7.1691804;7.8299255;28.101048
830;3.23;-6.4806585;4.0116076;18.554365
831;0.030000001;-1.6033795;6.1013713;18.92431
832;0.01;1.623518;7.58007;20.253105
833;0.01;0.8087357;5.738138;18.32988
834;0.01;-0.533559;3.830065;14.7301235
835;0.01;-1.0121691;2.87477;12.218242
836;0.0;-0.88696986;2.5819228;10.887225
837;0.0;-1.663215;1.5404961;9.130635
838;0.0;-1.416938;1.6221359;9.095442
839;0.0;-0.9327751;1.9252993;9.632567
840;0.0;-0.78900445;1.8723863;9.699251
841;0.0;-1.6930156;0.91536367;7.858208
842;0.0;-1.8744965;0.70514345;7.609488
843;0.0;-1.6078094;0.8731617;8.409351
844;0.0;-1.5209376;0.87291485;8.888924
845;0.0;-2.1412327;0.413234;7.0108614
846;0.0;-2.466805;0.19324069;6.3837543
847;0.0;-2.3628056;0.27359724;6.7714696
848;0.0;-2.026399;0.537915;7.972721
849;0.0;-1.8023828;1.0808645;7.8565297
850;0.0;-1.7535914;1.4014022;9.426592
851;0.0;-2.012924;1.3429611;10.773058
852;0.0;-2.4852407;1.0331837;11.431063
853;0.0;-3.1003532;1.0657607;8.863899
854;0.0;-3.5539136;0.8935963;8.393063
855;0.0;-3.3425581;1.1647749;10.033116
856;0.0;-2.7735221;1.804567;12.783995
857;0.0;-2.6161902;2.6145985;12.245192
858;0.0;-3.1936913;2.2752056;12.311283
859;0.0;-4.147703;1.2776097;11.679142
860;0.0;-4.844517;0.44521865;10.842703
861;0.0;-5.7084484;-0.17315155;6.4586816
862;0.0;-5.217943;0.19087146;6.315096
863;0.0;-4.047109;1.4632491;8.574507
864;0.0;-4.1297855;2.1868036;11.021037
865;0.0;-8.791686;-0.5451214;8.160779
866;0.0;-13.136628;-1.0658594;15.53512
867;0.17999999;-18.5411;1.2806207;37.754295
868;6.51;-22.653498;11.221633;84.11498
869;30.98;-30.14208;25.206879;152.39043
870;117.56;-12.386938;75.377396;271.29153
871;263.3;84.171265;214.3915;467.75528
872;441.6;316.88992;489.2729;755.6041
873;644.22;590.773;780.34814;1011.4079
874;877.24994;834.9378;1006.0857;1181.3997
875;1156.21;1052.6968;1186.7672;1319.3235
876;1458.7201;1321.8574;1433.982;1545.9614
877;1762.55;1672.696;1785.6119;1893.8959
878;2084.83;2032.9778;2156.9722;2272.2566
879;2407.4102;2344.3357;2478.5918;2601.1208
880;2765.1802;2630.847;2773.4363;2898.6035
881;3165.96;2962.5747;3112.4116;3234.925
882;3548.9302;3363.1604;3519.731;3640.3992
883;3867.27;3780.6875;3939.5215;4061.515
884;4089.5898;4130.494;4285.711;4412.1685
885;4280.6;4346.1294;4492.5977;4623.2065
886;4512.18;4430.703;4571.8916;4706.077
887;4772.77;4534.331;4680.798;4813.693
888;4916.0;4765.2754;4924.787;5053.957
889;4968.39;5007.4956;5171.8066;5299.4526
890;5110.99;5062.0327;5219.104;5351.397
891;5343.54;5053.5947;5206.3394;5339.0796
892;5522.92;5204.224;5365.34;5492.248
893;5620.64;5489.1406;5657.7446;5778.414
894;5831.8296;5667.311;5831.829;5954.936
895;5800.86;5793.61;5952.683;6077.375
896;5843.24;5793.667;5946.903;6075.174
897;5802.48;5761.743;5912.2793;6037.816
898;5666.49;5668.979;5819.705;5943.7114
899;5665.3403;5506.868;5657.9414;5781.515
900;5629.0;5387.858;5543.358;5663.814
901;5601.0503;5356.403;5516.0767;5629.5503
902;5562.44;5323.737;5483.741;5594.348
903;5584.36;5284.833;5443.072;5552.0854
904;5514.08;5278.6426;5436.3335;5543.205
905;5317.21;5265.827;5420.1807;5524.4937
906;5234.07;5087.19;5233.3823;5341.758
907;5047.65;4870.1123;5014.026;5123.279
908;4943.89;4660.4937;4806.692;4915.646
909;4828.49;4516.779;4666.509;4772.2886
910;4645.34;4376.435;4527.2676;4633.253
911;4362.77;4205.955;4355.153;4463.128
912;4047.07;3951.5034;4095.9067;4207.8887
913;3669.88;3609.4058;3747.0522;3863.322
914;3322.63;3175.817;3306.5942;3428.4673
915;2927.2;2753.1523;2880.2012;3003.6826
916;2535.6602;2354.396;2477.2026;2601.0525
917;2154.1401;1974.3094;2090.52;2213.579
918;1710.57;1586.1013;1694.4373;1815.4951
919;1311.99;1177.5842;1277.4515;1393.728
920;951.13995;780.5839;871.0508;977.9914
921;653.26996;445.12857;523.05475;616.3374
922;385.15;216.2655;278.55783;354.39087
923;181.62001;86.38972;132.32742;190.21794
924;60.49;22.774551;54.47586;96.17903
925;16.17;-2.4006886;18.776283;48.551144
926;4.38;-6.805577;7.4432464;29.172533
927;1.6;-3.1478736;6.7828226;24.881258
928;0.120000005;0.6366331;7.898238;24.850803
929;0.120000005;-0.41418415;5.2427707;21.05445
930;0.11;-2.1070268;2.578517;15.680186
931;0.1;-2.8077774;1.1094434;11.691926
932;0.01;-2.696152;0.5893471;9.302257
933;0.01;-3.559923;-0.67078954;6.3624806
934;0.01;-2.8362205;-0.25197798;6.264552
935;0.01;-1.5519844;0.7311063;7.831406
936;0.01;-0.69359344;1.3335829;9.36361
937;0.0;-1.2101976;0.7718769;8.916615
938;0.0;-1.65359;0.41698527;8.486795
939;0.0;-1.8027531;0.2087888;8.417249
