Timestamp;Datum von;Datum bis;Biomasse [MWh] Berechnete Auflösungen;Wasserkraft [MWh] Berechnete Auflösungen;Wind Offshore [MWh] Berechnete Auflösungen;Wind Onshore [MWh] Berechnete Auflösungen;Photovoltaik [MWh] Berechnete Auflösungen;Sonstige Erneuerbare [MWh] Berechnete Auflösungen;Kernenergie [MWh] Berechnete Auflösungen;Braunkohle [MWh] Berechnete Auflösungen;Steinkohle [MWh] Berechnete Auflösungen;Erdgas [MWh] Berechnete Auflösungen;Pumpspeicher [MWh] Berechnete Auflösungen;Sonstige Konventionelle [MWh] Berechnete Auflösungen;hour;hour_sin;hour_cos;weekday;is_weekend
2026-04-09 00:00:00;09.04.2026 00:00;09.04.2026 01:00;4167.28;1367.76;5829.63;17364.93;0.0;120.81;0.0;7946.58;5458.94;5592.08;66.49;1875.78;0;0.0;1.0;3;0
2026-04-09 01:00:00;09.04.2026 01:00;09.04.2026 02:00;4127.31;1353.04;5757.58;16953.5;0.0;123.82;0.0;7964.09;4913.61;5719.87;64.61;1817.77;1;0.25881904510252074;0.9659258262890683;3;0
2026-04-09 02:00:00;09.04.2026 02:00;09.04.2026 03:00;4100.13;1348.27;5525.43;16637.61;0.0;126.83;0.0;7971.81;4735.12;6026.8;51.75;1813.55;2;0.49999999999999994;0.8660254037844387;3;0
2026-04-09 03:00:00;09.04.2026 03:00;09.04.2026 04:00;4096.16;1333.52;5323.55;15811.25;0.0;126.83;0.0;7977.68;4682.66;6262.13;105.55;1808.58;3;0.7071067811865475;0.7071067811865476;3;0
2026-04-09 04:00:00;09.04.2026 04:00;09.04.2026 05:00;4118.04;1330.67;5147.49;15374.39;0.0;126.83;0.0;7983.64;4653.93;7100.97;51.46;1789.67;4;0.8660254037844386;0.5000000000000001;3;0
2026-04-09 05:00:00;09.04.2026 05:00;09.04.2026 06:00;4185.9;1344.99;5304.97;15003.01;0.0;129.08;0.0;8030.37;4317.85;8029.22;490.08;1801.58;5;0.9659258262890683;0.25881904510252074;3;0
2026-04-09 06:00:00;09.04.2026 06:00;09.04.2026 07:00;4346.16;1370.6;5550.64;14502.27;212.27;129.83;0.0;7886.78;4239.53;9030.59;3566.79;1811.73;6;1.0;6.123233995736766e-17;3;0
2026-04-09 07:00:00;09.04.2026 07:00;09.04.2026 08:00;4447.56;1367.61;5721.62;13147.42;4221.37;129.83;0.0;7938.36;4284.5;8741.51;4811.64;1788.88;7;0.9659258262890683;-0.25881904510252063;3;0
2026-04-09 08:00:00;09.04.2026 08:00;09.04.2026 09:00;4452.4;1505.83;5742.71;11022.8;13629.87;129.83;0.0;7893.04;3972.64;7764.29;2345.49;1791.86;8;0.8660254037844387;-0.4999999999999998;3;0
2026-04-09 09:00:00;09.04.2026 09:00;09.04.2026 10:00;4352.56;1463.67;5839.57;8688.44;26865.51;127.58;0.0;6738.98;2784.47;5541.2;300.97;1790.26;9;0.7071067811865476;-0.7071067811865475;3;0
2026-04-09 10:00:00;09.04.2026 10:00;09.04.2026 11:00;4232.9;1471.94;5599.84;7967.05;38470.17;125.25;0.0;4119.5;1063.29;3021.21;63.07;1739.84;10;0.49999999999999994;-0.8660254037844387;3;0
2026-04-09 11:00:00;09.04.2026 11:00;09.04.2026 12:00;4143.52;1495.58;4263.63;8052.54;45392.53;114.47;0.0;3605.22;873.8;2585.92;90.41;1718.97;11;0.258819045102521;-0.9659258262890682;3;0
2026-04-09 12:00:00;09.04.2026 12:00;09.04.2026 13:00;4029.91;1490.35;4010.75;8860.59;47170.42;120.52;0.0;3549.94;900.33;2488.05;108.27;1743.5;12;1.2246467991473532e-16;-1.0;3;0
2026-04-09 13:00:00;09.04.2026 13:00;09.04.2026 14:00;3997.83;1372.17;4125.35;7873.85;47103.51;120.52;0.0;3552.21;875.97;2662.81;37.78;1740.35;13;-0.2588190451025208;-0.9659258262890683;3;0
2026-04-09 14:00:00;09.04.2026 14:00;09.04.2026 15:00;4017.18;1352.3;3812.35;7631.82;44977.03;120.52;0.0;3509.04;828.01;2999.42;4.48;1734.13;14;-0.4999999999999997;-0.8660254037844388;3;0
2026-04-09 15:00:00;09.04.2026 15:00;09.04.2026 16:00;4053.39;1436.03;4446.02;9295.27;39774.28;120.52;0.0;3552.62;963.31;3217.16;8.58;1759.56;15;-0.7071067811865471;-0.7071067811865479;3;0
2026-04-09 16:00:00;09.04.2026 16:00;09.04.2026 17:00;4137.06;1413.22;4298.48;9711.83;33232.34;107.67;0.0;3897.02;1324.3;3618.99;76.35;1775.83;16;-0.8660254037844384;-0.5000000000000004;3;0
2026-04-09 17:00:00;09.04.2026 17:00;09.04.2026 18:00;4281.97;1362.91;5251.64;11252.62;21922.83;104.56;0.0;5136.93;2053.14;4920.98;504.02;1826.57;17;-0.9659258262890683;-0.25881904510252063;3;0
2026-04-09 18:00:00;09.04.2026 18:00;09.04.2026 19:00;4480.57;1340.13;6085.39;11743.92;9361.96;104.36;0.0;6832.19;3679.18;6197.86;3083.18;1851.8;18;-1.0;-1.8369701987210297e-16;3;0
2026-04-09 19:00:00;09.04.2026 19:00;09.04.2026 20:00;4542.92;1310.73;5608.53;13834.75;1580.84;104.36;0.0;7009.97;4942.0;6663.3;5427.81;1827.73;19;-0.9659258262890684;0.2588190451025203;3;0
2026-04-09 20:00:00;09.04.2026 20:00;09.04.2026 21:00;4528.8;1302.93;4816.82;17478.94;11.68;104.36;0.0;7254.69;5468.05;6672.57;4220.14;1827.38;20;-0.8660254037844386;0.5000000000000001;3;0
2026-04-09 21:00:00;09.04.2026 21:00;09.04.2026 22:00;4446.68;1303.33;4267.63;20456.85;0.01;106.8;0.0;6655.3;5703.77;6826.8;1736.92;1802.81;21;-0.7071067811865477;0.7071067811865474;3;0
2026-04-09 22:00:00;09.04.2026 22:00;09.04.2026 23:00;4325.16;1302.94;4604.45;21852.36;0.0;109.24;0.0;6523.26;5625.41;6415.93;505.57;1801.02;22;-0.5000000000000004;0.8660254037844384;3;0
2026-04-09 23:00:00;09.04.2026 23:00;10.04.2026 00:00;4202.77;1298.61;4130.01;22779.72;0.0;107.74;0.0;5485.21;5340.34;6133.1;78.2;1780.2;23;-0.25881904510252157;0.9659258262890681;3;0
2026-04-10 00:00:00;10.04.2026 00:00;10.04.2026 01:00;4092.39;1305.9;4824.38;23654.02;0.0;118.78;0.0;5350.5;5384.62;5945.54;23.12;1831.05;0;0.0;1.0;4;0
2026-04-10 01:00:00;10.04.2026 01:00;10.04.2026 02:00;4052.73;1299.23;5241.05;23958.23;0.0;103.7;0.0;5084.89;5225.44;5258.99;18.69;1792.19;1;0.25881904510252074;0.9659258262890683;4;0
2026-04-10 02:00:00;10.04.2026 02:00;10.04.2026 03:00;4027.3;1286.65;5677.35;23433.43;0.0;103.7;0.0;5293.9;5271.75;4641.79;12.98;1703.65;2;0.49999999999999994;0.8660254037844387;4;0
2026-04-10 03:00:00;10.04.2026 03:00;10.04.2026 04:00;4011.58;1283.52;5886.32;23758.0;0.0;98.5;0.0;5077.94;5202.43;4489.53;5.43;1692.03;3;0.7071067811865475;0.7071067811865476;4;0
2026-04-10 04:00:00;10.04.2026 04:00;10.04.2026 05:00;4082.28;1292.44;6216.4;23350.75;0.0;98.5;0.0;5287.35;4724.61;4533.76;4.15;1677.07;4;0.8660254037844386;0.5000000000000001;4;0
2026-04-10 05:00:00;10.04.2026 05:00;10.04.2026 06:00;4171.86;1286.64;6419.27;23161.3;0.0;99.5;0.0;5926.1;4563.8;5033.23;11.74;1646.27;5;0.9659258262890683;0.25881904510252074;4;0
2026-04-10 06:00:00;10.04.2026 06:00;10.04.2026 07:00;4330.94;1307.32;6618.45;22325.84;100.08;100.5;0.0;7383.86;4798.1;5295.51;106.84;1647.51;6;1.0;6.123233995736766e-17;4;0
2026-04-10 07:00:00;10.04.2026 07:00;10.04.2026 08:00;4486.01;1331.9;6888.14;20798.41;1123.03;100.5;0.0;7984.17;5164.79;5920.73;479.5;1639.14;7;0.9659258262890683;-0.25881904510252063;4;0
2026-04-10 08:00:00;10.04.2026 08:00;10.04.2026 09:00;4506.94;1346.41;7141.96;16682.15;3413.9;98.16;0.0;8003.34;5055.84;6132.7;2032.05;1651.3;8;0.8660254037844387;-0.4999999999999998;4;0
2026-04-10 09:00:00;10.04.2026 09:00;10.04.2026 10:00;4392.74;1332.79;6230.0;14792.59;6899.42;94.83;0.0;8032.47;4885.2;6041.64;2173.45;1610.04;9;0.7071067811865476;-0.7071067811865475;4;0
2026-04-10 10:00:00;10.04.2026 10:00;10.04.2026 11:00;4192.42;1369.62;5147.22;12543.63;11106.76;94.07;0.0;7998.66;4836.79;5799.97;1778.9;1595.53;10;0.49999999999999994;-0.8660254037844387;4;0
2026-04-10 11:00:00;10.04.2026 11:00;10.04.2026 12:00;4088.85;1378.33;4397.05;8910.04;15522.8;91.77;0.0;7984.4;4783.87;5440.2;2620.32;1614.27;11;0.258819045102521;-0.9659258262890682;4;0
2026-04-10 12:00:00;10.04.2026 12:00;10.04.2026 13:00;4005.44;1304.79;3318.44;6273.33;20366.46;91.74;0.0;7966.16;4746.45;5029.74;875.33;1637.21;12;1.2246467991473532e-16;-1.0;4;0
2026-04-10 13:00:00;10.04.2026 13:00;10.04.2026 14:00;3993.61;1298.61;2306.55;5662.91;24337.2;91.74;0.0;7924.58;4679.66;4885.18;73.15;1704.99;13;-0.2588190451025208;-0.9659258262890683;4;0
2026-04-10 14:00:00;10.04.2026 14:00;10.04.2026 15:00;3991.23;1302.5;1768.57;5408.69;26546.29;91.74;0.0;7877.95;4484.24;4796.69;109.89;1754.8;14;-0.4999999999999997;-0.8660254037844388;4;0
2026-04-10 15:00:00;10.04.2026 15:00;10.04.2026 16:00;4010.15;1299.97;1757.35;5438.16;25475.99;91.74;0.0;7926.13;4325.82;4759.26;59.05;1827.18;15;-0.7071067811865471;-0.7071067811865479;4;0
2026-04-10 16:00:00;10.04.2026 16:00;10.04.2026 17:00;4124.1;1313.51;1648.75;5323.98;20768.86;91.74;0.0;7975.55;4899.47;5957.81;248.79;1842.76;16;-0.8660254037844384;-0.5000000000000004;4;0
2026-04-10 17:00:00;10.04.2026 17:00;10.04.2026 18:00;4337.95;1324.82;1215.87;4521.15;13694.79;91.99;0.0;8004.04;5101.75;7423.87;2769.83;1833.78;17;-0.9659258262890683;-0.25881904510252063;4;0
2026-04-10 18:00:00;10.04.2026 18:00;10.04.2026 19:00;4543.89;1422.73;1014.9;3182.75;6666.64;92.74;0.0;7994.77;5343.5;8925.01;4296.9;1807.71;18;-1.0;-1.8369701987210297e-16;4;0
2026-04-10 19:00:00;10.04.2026 19:00;10.04.2026 20:00;4639.69;1553.24;1015.25;2185.72;1460.55;92.74;0.0;8053.21;5197.49;9474.53;6162.72;1841.55;19;-0.9659258262890684;0.2588190451025203;4;0
2026-04-10 20:00:00;10.04.2026 20:00;10.04.2026 21:00;4672.94;1583.65;1055.4;2106.12;24.16;92.74;0.0;8050.53;5027.4;9876.68;6162.75;1862.76;20;-0.8660254037844386;0.5000000000000001;4;0
2026-04-10 21:00:00;10.04.2026 21:00;10.04.2026 22:00;4571.1;1469.18;605.89;2128.75;0.14;92.74;0.0;8020.14;5078.78;9438.93;5855.16;1841.27;21;-0.7071067811865477;0.7071067811865474;4;0
2026-04-10 22:00:00;10.04.2026 22:00;10.04.2026 23:00;4435.05;1444.13;484.67;2646.29;0.03;92.24;0.0;7951.1;5082.13;8813.83;4915.78;1833.62;22;-0.5000000000000004;0.8660254037844384;4;0
2026-04-10 23:00:00;10.04.2026 23:00;11.04.2026 00:00;4300.0;1416.03;327.27;3877.99;0.02;91.74;0.0;7689.12;5086.99;8625.19;2067.29;1819.42;23;-0.25881904510252157;0.9659258262890681;4;0
2026-04-11 00:00:00;11.04.2026 00:00;11.04.2026 01:00;4176.49;1424.81;189.01;5655.32;0.02;96.01;0.0;7360.21;4906.32;8514.66;1321.89;1649.62;0;0.0;1.0;5;1
2026-04-11 01:00:00;11.04.2026 01:00;11.04.2026 02:00;4137.4;1449.36;544.81;7810.63;0.01;96.01;0.0;7344.07;4897.18;7819.27;1101.7;1639.64;1;0.25881904510252074;0.9659258262890683;5;1
2026-04-11 02:00:00;11.04.2026 02:00;11.04.2026 03:00;4125.8;1449.19;1118.94;9727.28;0.0;96.01;0.0;7374.02;4747.18;6732.73;527.16;1609.92;2;0.49999999999999994;0.8660254037844387;5;1
2026-04-11 03:00:00;11.04.2026 03:00;11.04.2026 04:00;4123.25;1454.95;1632.99;10963.57;0.0;96.01;0.0;7271.27;4645.24;5798.06;731.81;1609.87;3;0.7071067811865475;0.7071067811865476;5;1
2026-04-11 04:00:00;11.04.2026 04:00;11.04.2026 05:00;4145.28;1456.64;2311.07;11970.2;0.0;96.01;0.0;7060.14;4480.71;5664.66;615.77;1624.09;4;0.8660254037844386;0.5000000000000001;5;1
2026-04-11 05:00:00;11.04.2026 05:00;11.04.2026 06:00;4227.57;1513.73;3340.77;12462.75;0.0;96.01;0.0;7092.6;4294.01;5564.23;752.75;1608.86;5;0.9659258262890683;0.25881904510252074;5;1
2026-04-11 06:00:00;11.04.2026 06:00;11.04.2026 07:00;4434.26;1474.27;4431.8;13436.68;273.75;98.26;0.0;6869.96;3852.27;5141.15;450.78;1605.21;6;1.0;6.123233995736766e-17;5;1
2026-04-11 07:00:00;11.04.2026 07:00;11.04.2026 08:00;4554.83;1498.08;4980.8;13697.1;4787.92;99.01;0.0;6015.72;2777.36;4839.5;263.16;1613.02;7;0.9659258262890683;-0.25881904510252063;5;1
2026-04-11 08:00:00;11.04.2026 08:00;11.04.2026 09:00;4546.76;1488.12;5387.78;12310.68;14507.52;99.01;0.0;4092.05;1303.64;3578.55;70.91;1569.09;8;0.8660254037844387;-0.4999999999999998;5;1
2026-04-11 09:00:00;11.04.2026 09:00;11.04.2026 10:00;4422.41;1487.54;5645.63;9622.27;27566.35;99.01;0.0;2476.47;659.21;2430.77;112.42;1540.54;9;0.7071067811865476;-0.7071067811865475;5;1
2026-04-11 10:00:00;11.04.2026 10:00;11.04.2026 11:00;4250.29;1502.73;4899.14;9792.94;38286.99;98.26;0.0;2463.31;626.68;2077.88;90.29;1508.9;10;0.49999999999999994;-0.8660254037844387;5;1
2026-04-11 11:00:00;11.04.2026 11:00;11.04.2026 12:00;4160.57;1354.63;3056.2;10604.53;44276.27;98.01;0.0;2391.08;582.16;2049.06;41.35;1407.49;11;0.258819045102521;-0.9659258262890682;5;1
2026-04-11 12:00:00;11.04.2026 12:00;11.04.2026 13:00;4075.65;1305.56;1926.38;9949.59;47321.37;98.01;0.0;2367.6;554.6;2058.92;27.88;1305.75;12;1.2246467991473532e-16;-1.0;5;1
2026-04-11 13:00:00;11.04.2026 13:00;11.04.2026 14:00;4061.35;1319.03;1137.32;9330.82;46580.26;98.01;0.0;2371.85;545.94;2086.76;12.9;1325.54;13;-0.2588190451025208;-0.9659258262890683;5;1
2026-04-11 14:00:00;11.04.2026 14:00;11.04.2026 15:00;4077.13;1319.54;1221.23;11297.19;43671.36;98.01;0.0;2369.38;559.55;2104.19;3.93;1324.94;14;-0.4999999999999997;-0.8660254037844388;5;1
2026-04-11 15:00:00;11.04.2026 15:00;11.04.2026 16:00;4086.55;1325.1;2228.09;14920.34;37989.75;100.26;0.0;2375.32;574.59;2193.41;20.1;1316.72;15;-0.7071067811865471;-0.7071067811865479;5;1
2026-04-11 16:00:00;11.04.2026 16:00;11.04.2026 17:00;4189.75;1312.09;2755.69;20521.74;29410.28;101.0;0.0;2484.36;611.19;2441.02;9.37;1333.95;16;-0.8660254037844384;-0.5000000000000004;5;1
2026-04-11 17:00:00;11.04.2026 17:00;11.04.2026 18:00;4373.52;1467.07;4107.49;23540.24;18444.73;101.0;0.0;2765.27;685.46;3079.18;61.5;1318.69;17;-0.9659258262890683;-0.25881904510252063;5;1
2026-04-11 18:00:00;11.04.2026 18:00;11.04.2026 19:00;4566.0;1490.0;4290.4;24283.48;7510.22;101.0;0.0;3825.15;982.68;4010.55;927.27;1520.15;18;-1.0;-1.8369701987210297e-16;5;1
2026-04-11 19:00:00;11.04.2026 19:00;11.04.2026 20:00;4627.41;1600.21;4650.5;24562.5;1191.19;101.0;0.0;4045.48;1269.32;4648.27;4204.0;1642.45;19;-0.9659258262890684;0.2588190451025203;5;1
2026-04-11 20:00:00;11.04.2026 20:00;11.04.2026 21:00;4607.23;1411.27;4735.45;28134.31;13.86;101.0;0.0;4055.36;1407.96;4794.26;2729.48;1623.06;20;-0.8660254037844386;0.5000000000000001;5;1
2026-04-11 21:00:00;11.04.2026 21:00;11.04.2026 22:00;4539.53;1444.64;3878.39;30616.62;0.14;101.0;0.0;4508.18;1190.09;4207.44;762.51;1607.43;21;-0.7071067811865477;0.7071067811865474;5;1
2026-04-11 22:00:00;11.04.2026 22:00;11.04.2026 23:00;4382.37;1366.9;2846.84;29831.96;0.01;101.0;0.0;4397.31;989.29;4317.94;1245.22;1606.76;22;-0.5000000000000004;0.8660254037844384;5;1
2026-04-11 23:00:00;11.04.2026 23:00;12.04.2026 00:00;4262.79;1359.66;2186.65;26523.09;0.01;101.0;0.0;4609.87;984.6;4005.96;1087.03;1601.59;23;-0.25881904510252157;0.9659258262890681;5;1
2026-04-12 00:00:00;12.04.2026 00:00;12.04.2026 01:00;4143.61;1351.7;2175.72;23492.42;0.01;98.54;0.0;4972.36;987.93;3424.12;126.5;1919.03;0;0.0;1.0;6;1
2026-04-12 01:00:00;12.04.2026 01:00;12.04.2026 02:00;4109.67;1354.05;2240.91;19619.1;0.0;102.4;0.0;5001.75;671.2;3017.72;572.64;1909.37;1;0.25881904510252074;0.9659258262890683;6;1
2026-04-12 02:00:00;12.04.2026 02:00;12.04.2026 03:00;4099.33;1354.79;2647.57;17789.84;0.0;102.4;0.0;5118.83;672.8;3083.74;90.38;1897.8;2;0.49999999999999994;0.8660254037844387;6;1
2026-04-12 03:00:00;12.04.2026 03:00;12.04.2026 04:00;4098.44;1358.1;3264.45;16123.87;0.0;102.4;0.0;5118.42;676.87;3022.37;407.5;1893.76;3;0.7071067811865475;0.7071067811865476;6;1
2026-04-12 04:00:00;12.04.2026 04:00;12.04.2026 05:00;4139.55;1349.12;3935.68;14610.45;0.0;102.4;0.0;5130.44;682.2;3040.83;1043.23;1921.94;4;0.8660254037844386;0.5000000000000001;6;1
2026-04-12 05:00:00;12.04.2026 05:00;12.04.2026 06:00;4253.26;1349.26;4028.74;13467.02;0.0;102.4;0.0;5109.63;690.51;3045.01;1547.87;1924.78;5;0.9659258262890683;0.25881904510252074;6;1
2026-04-12 06:00:00;12.04.2026 06:00;12.04.2026 07:00;4450.63;1346.64;4390.16;11574.29;60.22;102.4;0.0;5049.54;693.57;3086.78;1899.84;1883.17;6;1.0;6.123233995736766e-17;6;1
2026-04-12 07:00:00;12.04.2026 07:00;12.04.2026 08:00;4553.42;1358.29;4900.74;9518.37;1720.04;102.4;0.0;5131.88;703.9;3065.49;1993.43;1892.42;7;0.9659258262890683;-0.25881904510252063;6;1
2026-04-12 08:00:00;12.04.2026 08:00;12.04.2026 09:00;4540.28;1363.54;5109.37;7259.63;5499.77;101.9;0.0;4507.67;689.18;2819.53;71.11;1886.12;8;0.8660254037844387;-0.4999999999999998;6;1
2026-04-12 09:00:00;12.04.2026 09:00;12.04.2026 10:00;4408.46;1362.58;5338.93;5113.83;10039.56;100.4;0.0;3725.4;660.89;2341.83;12.48;1874.26;9;0.7071067811865476;-0.7071067811865475;6;1
2026-04-12 10:00:00;12.04.2026 10:00;12.04.2026 11:00;4244.61;1422.43;5624.58;3763.4;14738.84;100.4;0.0;3776.73;649.15;2147.38;4.48;1845.85;10;0.49999999999999994;-0.8660254037844387;6;1
2026-04-12 11:00:00;12.04.2026 11:00;12.04.2026 12:00;4168.44;1426.44;5063.79;2788.91;18384.1;100.4;0.0;3785.68;617.13;2182.58;4.19;1861.83;11;0.258819045102521;-0.9659258262890682;6;1
2026-04-12 12:00:00;12.04.2026 12:00;12.04.2026 13:00;4082.49;1478.95;4664.75;2117.7;20855.17;100.4;0.0;4026.11;624.7;2242.58;10.41;1838.16;12;1.2246467991473532e-16;-1.0;6;1
2026-04-12 13:00:00;12.04.2026 13:00;12.04.2026 14:00;4028.91;1504.11;3871.47;1965.82;21982.99;100.4;0.0;3533.9;620.23;2164.7;6.01;1864.36;13;-0.2588190451025208;-0.9659258262890683;6;1
2026-04-12 14:00:00;12.04.2026 14:00;12.04.2026 15:00;4038.49;1495.88;3084.36;1842.09;20713.54;100.4;0.0;3824.0;589.03;2101.63;56.33;1828.24;14;-0.4999999999999997;-0.8660254037844388;6;1
2026-04-12 15:00:00;12.04.2026 15:00;12.04.2026 16:00;4060.82;1509.79;2176.52;1434.47;16640.98;103.21;0.0;4995.49;676.12;2205.11;140.51;1816.34;15;-0.7071067811865471;-0.7071067811865479;6;1
2026-04-12 16:00:00;12.04.2026 16:00;12.04.2026 17:00;4165.39;1521.81;1569.4;1149.68;12520.68;106.02;0.0;6961.65;1092.96;2998.22;4.09;1854.44;16;-0.8660254037844384;-0.5000000000000004;6;1
2026-04-12 17:00:00;12.04.2026 17:00;12.04.2026 18:00;4359.28;1574.86;938.12;1081.87;7972.59;106.02;0.0;7671.17;1985.89;4651.83;730.11;1876.92;17;-0.9659258262890683;-0.25881904510252063;6;1
2026-04-12 18:00:00;12.04.2026 18:00;12.04.2026 19:00;4573.51;1636.52;665.58;969.25;3857.52;106.02;0.0;7822.32;2852.96;6121.19;3234.62;1904.83;18;-1.0;-1.8369701987210297e-16;6;1
2026-04-12 19:00:00;12.04.2026 19:00;12.04.2026 20:00;4651.17;1666.23;512.74;1185.98;927.74;106.02;0.0;8115.14;3435.88;7140.19;4277.13;1945.2;19;-0.9659258262890684;0.2588190451025203;6;1
2026-04-12 20:00:00;12.04.2026 20:00;12.04.2026 21:00;4660.17;1662.03;569.06;1787.94;26.62;106.02;0.0;8183.94;3797.52;7594.08;4809.96;1928.84;20;-0.8660254037844386;0.5000000000000001;6;1
2026-04-12 21:00:00;12.04.2026 21:00;12.04.2026 22:00;4585.69;1603.98;687.78;2540.47;0.56;106.02;0.0;8183.25;4079.19;7638.93;2676.76;1937.12;21;-0.7071067811865477;0.7071067811865474;6;1
2026-04-12 22:00:00;12.04.2026 22:00;12.04.2026 23:00;4432.19;1493.32;946.14;2961.83;0.15;106.02;0.0;8156.29;4112.82;7758.56;1779.98;1946.53;22;-0.5000000000000004;0.8660254037844384;6;1
2026-04-12 23:00:00;12.04.2026 23:00;13.04.2026 00:00;4309.48;1477.94;1166.79;3086.07;0.12;106.02;0.0;8180.84;4068.18;7567.52;894.47;1911.64;23;-0.25881904510252157;0.9659258262890681;6;1
2026-04-13 00:00:00;13.04.2026 00:00;13.04.2026 01:00;4185.86;1450.87;1507.68;3156.61;0.11;102.69;0.0;8475.2;4303.2;7451.41;368.07;1915.4;0;0.0;1.0;0;0
2026-04-13 01:00:00;13.04.2026 01:00;13.04.2026 02:00;4125.46;1416.45;1851.22;3149.34;0.05;110.21;0.0;8622.57;4430.72;7258.69;137.42;1918.17;1;0.25881904510252074;0.9659258262890683;0;0
2026-04-13 02:00:00;13.04.2026 02:00;13.04.2026 03:00;4101.16;1428.43;2337.44;3113.91;0.0;110.21;0.0;8737.4;4440.79;7199.69;74.96;1910.37;2;0.49999999999999994;0.8660254037844387;0;0
2026-04-13 03:00:00;13.04.2026 03:00;13.04.2026 04:00;4088.82;1430.28;2413.6;3076.18;0.0;110.21;0.0;8700.44;4441.42;7409.17;77.4;1907.84;3;0.7071067811865475;0.7071067811865476;0;0
2026-04-13 04:00:00;13.04.2026 04:00;13.04.2026 05:00;4126.19;1493.04;2179.92;3539.28;0.0;110.21;0.0;8981.82;4427.92;7604.89;324.83;1928.18;4;0.8660254037844386;0.5000000000000001;0;0
2026-04-13 05:00:00;13.04.2026 05:00;13.04.2026 06:00;4198.21;1595.06;2077.77;4416.36;0.0;110.21;0.0;8965.32;4352.02;7943.1;414.35;1899.81;5;0.9659258262890683;0.25881904510252074;0;0
2026-04-13 06:00:00;13.04.2026 06:00;13.04.2026 07:00;4382.99;1751.38;1931.17;5499.33;72.06;110.21;0.0;8876.95;4412.16;8029.28;2060.51;1886.57;6;1.0;6.123233995736766e-17;0;0
2026-04-13 07:00:00;13.04.2026 07:00;13.04.2026 08:00;4501.8;1750.96;1586.13;6183.59;1359.79;110.21;0.0;8823.29;4425.64;7796.03;5542.54;1915.27;7;0.9659258262890683;-0.25881904510252063;0;0
2026-04-13 08:00:00;13.04.2026 08:00;13.04.2026 09:00;4485.09;1789.89;1389.92;6471.54;4027.41;110.21;0.0;8459.99;4558.4;8428.01;4890.08;1972.49;8;0.8660254037844387;-0.4999999999999998;0;0
2026-04-13 09:00:00;13.04.2026 09:00;13.04.2026 10:00;4368.03;1823.5;950.34;5788.17;7393.57;110.21;0.0;8141.39;5194.32;8803.99;3799.86;1978.98;9;0.7071067811865476;-0.7071067811865475;0;0
2026-04-13 10:00:00;13.04.2026 10:00;13.04.2026 11:00;4178.62;1934.26;1037.74;5305.54;11258.35;110.21;0.0;7324.02;5482.97;8829.67;3136.06;1961.9;10;0.49999999999999994;-0.8660254037844387;0;0
2026-04-13 11:00:00;13.04.2026 11:00;13.04.2026 12:00;4088.67;1835.36;1765.75;5522.1;15420.84;110.21;0.0;6188.63;5454.86;9132.29;1791.37;1897.28;11;0.258819045102521;-0.9659258262890682;0;0
2026-04-13 12:00:00;13.04.2026 12:00;13.04.2026 13:00;3980.04;1571.18;1662.99;6100.71;18341.55;110.21;0.0;6174.02;5881.87;8537.3;914.92;1964.62;12;1.2246467991473532e-16;-1.0;0;0
2026-04-13 13:00:00;13.04.2026 13:00;13.04.2026 14:00;3960.32;1731.66;424.96;6533.83;18916.41;110.21;0.0;6642.55;5907.35;8801.57;825.34;1970.68;13;-0.2588190451025208;-0.9659258262890683;0;0
2026-04-13 14:00:00;13.04.2026 14:00;13.04.2026 15:00;3958.12;1575.63;392.69;7352.04;16982.59;118.83;0.0;6669.0;5986.34;8843.5;279.02;1984.49;14;-0.4999999999999997;-0.8660254037844388;0;0
2026-04-13 15:00:00;13.04.2026 15:00;13.04.2026 16:00;4038.09;1558.47;475.22;7565.82;13372.67;115.43;0.0;6660.78;6108.28;9152.14;527.24;1992.3;15;-0.7071067811865471;-0.7071067811865479;0;0
2026-04-13 16:00:00;13.04.2026 16:00;13.04.2026 17:00;4122.79;1759.06;1046.49;8005.07;9317.15;109.05;0.0;6661.23;6117.29;9368.98;738.57;1973.37;16;-0.8660254037844384;-0.5000000000000004;0;0
2026-04-13 17:00:00;13.04.2026 17:00;13.04.2026 18:00;4275.83;1753.49;1485.25;8356.7;5653.73;106.57;0.0;6839.07;5730.79;10051.78;1176.86;2016.95;17;-0.9659258262890683;-0.25881904510252063;0;0
2026-04-13 18:00:00;13.04.2026 18:00;13.04.2026 19:00;4514.08;1795.26;1935.38;8743.03;2642.32;107.07;0.0;6888.08;5787.34;9638.45;2162.88;1998.99;18;-1.0;-1.8369701987210297e-16;0;0
2026-04-13 19:00:00;13.04.2026 19:00;13.04.2026 20:00;4596.48;1781.28;1815.33;9150.57;548.45;107.07;0.0;6888.18;5775.8;9955.62;3568.9;1929.11;19;-0.9659258262890684;0.2588190451025203;0;0
2026-04-13 20:00:00;13.04.2026 20:00;13.04.2026 21:00;4571.79;1851.42;1747.6;9926.23;16.5;107.07;0.0;7011.41;5719.08;9948.02;3117.62;1899.42;20;-0.8660254037844386;0.5000000000000001;0;0
2026-04-13 21:00:00;13.04.2026 21:00;13.04.2026 22:00;4509.73;1781.25;1717.33;10561.01;0.0;107.07;0.0;6903.69;5380.19;10175.24;1016.19;1787.33;21;-0.7071067811865477;0.7071067811865474;0;0
2026-04-13 22:00:00;13.04.2026 22:00;13.04.2026 23:00;4360.0;1603.17;1788.5;9942.6;0.0;103.89;0.0;6889.86;4884.09;10154.06;584.25;1803.64;22;-0.5000000000000004;0.8660254037844384;0;0
2026-04-13 23:00:00;13.04.2026 23:00;14.04.2026 00:00;4237.06;1576.95;1618.1;9138.77;0.0;107.54;0.0;7022.38;4600.33;9852.45;340.52;1788.29;23;-0.25881904510252157;0.9659258262890681;0;0
2026-04-14 00:00:00;14.04.2026 00:00;14.04.2026 01:00;4145.81;1548.47;2092.69;8455.73;0.0;110.91;0.0;7634.09;4400.26;8914.03;27.17;1865.29;0;0.0;1.0;1;0
2026-04-14 01:00:00;14.04.2026 01:00;14.04.2026 02:00;4101.93;1540.82;2087.84;8280.67;0.0;106.91;0.0;8707.49;4420.2;8527.85;36.39;1825.6;1;0.25881904510252074;0.9659258262890683;1;0
2026-04-14 02:00:00;14.04.2026 02:00;14.04.2026 03:00;4070.35;1542.1;2103.41;8095.74;0.0;102.92;0.0;8862.45;4417.11;8549.65;19.39;1841.8;2;0.49999999999999994;0.8660254037844387;1;0
2026-04-14 03:00:00;14.04.2026 03:00;14.04.2026 04:00;4077.91;1560.79;2569.06;7758.3;0.0;102.92;0.0;9017.67;4396.85;8532.7;3.91;1843.74;3;0.7071067811865475;0.7071067811865476;1;0
2026-04-14 04:00:00;14.04.2026 04:00;14.04.2026 05:00;4098.9;1641.3;2969.23;7341.18;0.0;102.92;0.0;9248.99;4355.16;8383.18;32.62;1835.43;4;0.8660254037844386;0.5000000000000001;1;0
2026-04-14 05:00:00;14.04.2026 05:00;14.04.2026 06:00;4153.71;1669.8;3114.69;7188.02;0.0;102.92;0.0;9315.56;4413.37;9427.75;159.44;1833.42;5;0.9659258262890683;0.25881904510252074;1;0
2026-04-14 06:00:00;14.04.2026 06:00;14.04.2026 07:00;4307.0;1663.85;2979.09;7300.79;111.94;102.92;0.0;9471.53;4365.66;9788.0;963.32;1830.57;6;1.0;6.123233995736766e-17;1;0
2026-04-14 07:00:00;14.04.2026 07:00;14.04.2026 08:00;4429.03;1782.93;2490.05;6749.96;1894.92;105.62;0.0;9561.59;4276.07;9925.6;3237.31;1826.48;7;0.9659258262890683;-0.25881904510252063;1;0
2026-04-14 08:00:00;14.04.2026 08:00;14.04.2026 09:00;4416.88;1719.81;2082.65;5773.44;6060.61;106.52;0.0;9648.73;4153.7;10017.1;2878.1;1819.58;8;0.8660254037844387;-0.4999999999999998;1;0
2026-04-14 09:00:00;14.04.2026 09:00;14.04.2026 10:00;4330.31;1577.81;1853.93;4914.21;11628.27;106.52;0.0;9735.51;4066.97;9675.5;833.1;1822.19;9;0.7071067811865476;-0.7071067811865475;1;0
2026-04-14 10:00:00;14.04.2026 10:00;14.04.2026 11:00;4225.97;1530.43;1848.56;4674.95;17450.24;106.52;0.0;9408.52;4005.7;8387.2;223.93;1808.71;10;0.49999999999999994;-0.8660254037844387;1;0
2026-04-14 11:00:00;14.04.2026 11:00;14.04.2026 12:00;4170.94;1514.71;1693.97;5292.17;22310.2;106.52;0.0;8195.69;3537.0;7854.4;79.81;1692.74;11;0.258819045102521;-0.9659258262890682;1;0
2026-04-14 12:00:00;14.04.2026 12:00;14.04.2026 13:00;4087.14;1524.42;1597.19;6122.66;25267.71;106.52;0.0;7497.69;3463.59;6806.78;7.02;1816.46;12;1.2246467991473532e-16;-1.0;1;0
2026-04-14 13:00:00;14.04.2026 13:00;14.04.2026 14:00;4062.51;1513.48;1323.94;6621.75;26188.91;106.52;0.0;6934.96;3579.16;6195.27;6.24;1828.74;13;-0.2588190451025208;-0.9659258262890683;1;0
2026-04-14 14:00:00;14.04.2026 14:00;14.04.2026 15:00;4068.89;1529.49;985.93;6446.45;25144.28;106.52;0.0;6659.34;3806.23;6342.93;6.77;1840.87;14;-0.4999999999999997;-0.8660254037844388;1;0
2026-04-14 15:00:00;14.04.2026 15:00;14.04.2026 16:00;4081.36;1526.24;623.56;5529.74;22300.54;106.52;0.0;7770.97;4082.12;6939.04;25.16;1856.68;15;-0.7071067811865471;-0.7071067811865479;1;0
2026-04-14 16:00:00;14.04.2026 16:00;14.04.2026 17:00;4154.24;1527.84;375.88;4702.3;18110.68;106.52;0.0;9108.97;4325.33;8291.23;154.23;1868.7;16;-0.8660254037844384;-0.5000000000000004;1;0
2026-04-14 17:00:00;14.04.2026 17:00;14.04.2026 18:00;4300.59;1572.32;202.34;3737.77;12622.14;106.52;0.0;9059.77;4492.7;9667.95;567.1;1882.11;17;-0.9659258262890683;-0.25881904510252063;1;0
2026-04-14 18:00:00;14.04.2026 18:00;14.04.2026 19:00;4527.52;1720.63;80.68;2790.92;6656.27;106.52;0.0;8932.48;4547.0;10752.95;2920.33;1942.32;18;-1.0;-1.8369701987210297e-16;1;0
2026-04-14 19:00:00;14.04.2026 19:00;14.04.2026 20:00;4596.52;1858.2;54.18;2017.68;1824.89;106.52;0.0;9008.93;4578.81;11173.87;5143.29;1950.43;19;-0.9659258262890684;0.2588190451025203;1;0
2026-04-14 20:00:00;14.04.2026 20:00;14.04.2026 21:00;4582.37;2161.19;72.89;1884.9;56.49;106.52;0.0;9011.74;4565.13;11335.19;5764.58;1967.96;20;-0.8660254037844386;0.5000000000000001;1;0
2026-04-14 21:00:00;14.04.2026 21:00;14.04.2026 22:00;4535.8;1944.36;79.29;2012.72;0.0;106.52;0.0;9043.31;4541.42;11269.64;4711.77;1959.4;21;-0.7071067811865477;0.7071067811865474;1;0
2026-04-14 22:00:00;14.04.2026 22:00;14.04.2026 23:00;4396.24;1615.26;152.83;2132.38;0.0;106.52;0.0;9197.88;4527.0;10965.28;2864.32;1932.29;22;-0.5000000000000004;0.8660254037844384;1;0
2026-04-14 23:00:00;14.04.2026 23:00;15.04.2026 00:00;4308.21;1571.09;295.67;2230.84;0.0;105.58;0.0;9408.99;4445.31;10454.18;286.08;1870.52;23;-0.25881904510252157;0.9659258262890681;1;0
2026-04-15 00:00:00;15.04.2026 00:00;15.04.2026 01:00;4174.29;1536.33;616.76;2441.95;0.0;105.78;0.0;9480.52;4434.63;10247.32;468.41;1846.72;0;0.0;1.0;2;0
2026-04-15 01:00:00;15.04.2026 01:00;15.04.2026 02:00;4126.48;1529.02;1074.13;2676.69;0.0;103.77;0.0;9806.11;4442.24;10131.13;103.42;1831.03;1;0.25881904510252074;0.9659258262890683;2;0
2026-04-15 02:00:00;15.04.2026 02:00;15.04.2026 03:00;4104.7;1544.14;1164.95;3253.38;0.0;101.76;0.0;9858.14;4444.65;10076.66;57.75;1825.56;2;0.49999999999999994;0.8660254037844387;2;0
2026-04-15 03:00:00;15.04.2026 03:00;15.04.2026 04:00;4085.03;1507.75;1299.25;3875.78;0.0;101.76;0.0;9877.96;4444.04;9562.64;84.18;1822.36;3;0.7071067811865475;0.7071067811865476;2;0
2026-04-15 04:00:00;15.04.2026 04:00;15.04.2026 05:00;4106.48;1499.24;1433.01;4157.99;0.0;101.76;0.0;9864.08;4429.34;9568.47;19.2;1799.8;4;0.8660254037844386;0.5000000000000001;2;0
2026-04-15 05:00:00;15.04.2026 05:00;15.04.2026 06:00;4182.92;1522.74;1663.41;4276.52;0.04;101.76;0.0;9836.61;4438.34;9779.84;268.24;1784.86;5;0.9659258262890683;0.25881904510252074;2;0
2026-04-15 06:00:00;15.04.2026 06:00;15.04.2026 07:00;4332.27;1687.96;1720.51;4639.41;403.03;101.76;0.0;9832.12;4477.54;9988.3;2524.95;1813.8;6;1.0;6.123233995736766e-17;2;0
2026-04-15 07:00:00;15.04.2026 07:00;15.04.2026 08:00;4465.03;1859.65;1517.56;4570.09;4843.33;101.76;0.0;9837.07;4478.51;10068.35;3365.04;1812.49;7;0.9659258262890683;-0.25881904510252063;2;0
2026-04-15 08:00:00;15.04.2026 08:00;15.04.2026 09:00;4460.01;1696.28;1251.69;4128.58;13976.65;101.76;0.0;9829.08;4483.81;9926.4;1452.28;1808.42;8;0.8660254037844387;-0.4999999999999998;2;0
2026-04-15 09:00:00;15.04.2026 09:00;15.04.2026 10:00;4383.23;1605.89;1031.47;2245.17;24964.55;101.76;0.0;9496.8;4447.29;8129.95;378.73;1803.78;9;0.7071067811865476;-0.7071067811865475;2;0
2026-04-15 10:00:00;15.04.2026 10:00;15.04.2026 11:00;4252.39;1550.46;1132.89;1432.09;34869.76;101.76;0.0;9231.71;3928.82;5778.78;62.44;1811.68;10;0.49999999999999994;-0.8660254037844387;2;0
2026-04-15 11:00:00;15.04.2026 11:00;15.04.2026 12:00;4129.47;1546.13;1476.29;1861.47;41378.09;101.76;0.0;7812.48;2619.12;4226.31;14.29;1785.91;11;0.258819045102521;-0.9659258262890682;2;0
2026-04-15 12:00:00;15.04.2026 12:00;15.04.2026 13:00;4002.29;1487.19;1069.03;2371.76;43496.51;97.23;0.0;5942.0;2122.19;3699.46;3.81;1758.88;12;1.2246467991473532e-16;-1.0;2;0
2026-04-15 13:00:00;15.04.2026 13:00;15.04.2026 14:00;3946.55;1468.35;758.8;2246.9;42224.74;93.74;0.0;5652.85;2296.44;3488.18;4.24;1722.93;13;-0.2588190451025208;-0.9659258262890683;2;0
2026-04-15 14:00:00;15.04.2026 14:00;15.04.2026 15:00;3943.46;1446.68;1078.7;2006.83;38043.0;93.74;0.0;6554.91;2355.76;3538.59;4.91;1726.91;14;-0.4999999999999997;-0.8660254037844388;2;0
2026-04-15 15:00:00;15.04.2026 15:00;15.04.2026 16:00;3983.78;1427.04;894.75;1716.47;31708.64;93.74;0.0;7999.84;3110.21;3790.43;4.1;1741.18;15;-0.7071067811865471;-0.7071067811865479;2;0
2026-04-15 16:00:00;15.04.2026 16:00;15.04.2026 17:00;4102.3;1393.86;777.7;1355.72;24364.68;93.74;0.0;9371.94;3978.3;5255.32;21.86;1750.81;16;-0.8660254037844384;-0.5000000000000004;2;0
2026-04-15 17:00:00;15.04.2026 17:00;15.04.2026 18:00;4225.9;1417.02;832.7;1157.75;15698.35;93.74;0.0;9467.36;4329.41;8012.7;468.8;1786.77;17;-0.9659258262890683;-0.25881904510252063;2;0
2026-04-15 18:00:00;15.04.2026 18:00;15.04.2026 19:00;4426.96;1459.61;1041.81;1405.9;7199.87;93.74;0.0;9618.73;4211.01;9448.02;2647.18;1752.55;18;-1.0;-1.8369701987210297e-16;2;0
2026-04-15 19:00:00;15.04.2026 19:00;15.04.2026 20:00;4541.18;1582.21;1373.73;2157.16;1637.02;93.74;0.0;9738.9;3637.01;9869.15;4710.16;1766.07;19;-0.9659258262890684;0.2588190451025203;2;0
2026-04-15 20:00:00;15.04.2026 20:00;15.04.2026 21:00;4572.36;1617.47;1794.61;3063.13;45.44;93.74;0.0;9657.31;3685.97;9941.7;5096.28;1752.83;20;-0.8660254037844386;0.5000000000000001;2;0
2026-04-15 21:00:00;15.04.2026 21:00;15.04.2026 22:00;4517.51;1486.77;2457.21;4383.28;0.0;93.74;0.0;9656.86;3716.58;9707.31;3383.33;1744.09;21;-0.7071067811865477;0.7071067811865474;2;0
2026-04-15 22:00:00;15.04.2026 22:00;15.04.2026 23:00;4392.22;1463.14;3042.48;5714.99;0.0;93.74;0.0;9626.47;3824.35;9486.62;1108.02;1724.7;22;-0.5000000000000004;0.8660254037844384;2;0
2026-04-15 23:00:00;15.04.2026 23:00;16.04.2026 00:00;4256.18;1408.31;3595.3;6711.56;0.0;96.06;0.0;9298.06;4272.01;8904.77;457.3;1729.64;23;-0.25881904510252157;0.9659258262890681;2;0
2026-04-16 00:00:00;16.04.2026 00:00;16.04.2026 01:00;4144.04;1408.59;3110.78;7160.2;0.0;100.47;0.0;8742.91;4516.33;7901.49;512.51;1683.53;0;0.0;1.0;3;0
2026-04-16 01:00:00;16.04.2026 01:00;16.04.2026 02:00;4113.01;1404.01;2348.29;7136.19;0.0;94.74;0.0;8610.59;4862.64;7822.28;420.73;1676.12;1;0.25881904510252074;0.9659258262890683;3;0
2026-04-16 02:00:00;16.04.2026 02:00;16.04.2026 03:00;4098.12;1398.92;2303.48;6988.36;0.0;94.74;0.0;8463.92;4610.09;7873.04;350.75;1738.94;2;0.49999999999999994;0.8660254037844387;3;0
2026-04-16 03:00:00;16.04.2026 03:00;16.04.2026 04:00;4102.82;1395.31;2462.81;6771.55;0.0;94.74;0.0;8682.69;4515.28;7739.62;272.9;1734.58;3;0.7071067811865475;0.7071067811865476;3;0
2026-04-16 04:00:00;16.04.2026 04:00;16.04.2026 05:00;4127.2;1396.49;2896.47;6156.4;0.0;94.74;0.0;8768.65;4442.28;8281.09;190.91;1725.51;4;0.8660254037844386;0.5000000000000001;3;0
2026-04-16 05:00:00;16.04.2026 05:00;16.04.2026 06:00;4210.29;1393.96;2514.33;5616.52;0.02;94.74;0.0;8787.68;4653.32;8816.12;890.83;1751.22;5;0.9659258262890683;0.25881904510252074;3;0
2026-04-16 06:00:00;16.04.2026 06:00;16.04.2026 07:00;4398.7;1434.03;1921.48;5428.82;258.76;94.74;0.0;8755.84;5019.06;8955.17;2053.59;1743.47;6;1.0;6.123233995736766e-17;3;0
2026-04-16 07:00:00;16.04.2026 07:00;16.04.2026 08:00;4497.57;1448.79;1685.52;5236.78;3304.99;94.5;0.0;8683.22;5259.01;8854.99;3413.47;1747.06;7;0.9659258262890683;-0.25881904510252063;3;0
2026-04-16 08:00:00;16.04.2026 08:00;16.04.2026 09:00;4452.07;1562.48;1305.76;3961.39;10029.47;97.75;0.0;8706.31;5374.87;8661.79;2145.87;1733.72;8;0.8660254037844387;-0.4999999999999998;3;0
2026-04-16 09:00:00;16.04.2026 09:00;16.04.2026 10:00;4417.98;1455.79;1355.89;2352.9;20048.18;112.46;0.0;8612.29;4689.71;7922.58;475.28;1706.77;9;0.7071067811865476;-0.7071067811865475;3;0
2026-04-16 10:00:00;16.04.2026 10:00;16.04.2026 11:00;4251.69;1487.68;1483.7;1893.45;30511.16;104.86;0.0;7898.39;4104.6;4919.22;209.34;1673.54;10;0.49999999999999994;-0.8660254037844387;3;0
2026-04-16 11:00:00;16.04.2026 11:00;16.04.2026 12:00;4163.6;1517.12;1957.71;2019.94;38242.04;102.33;0.0;6419.54;3021.7;3557.99;50.55;1649.79;11;0.258819045102521;-0.9659258262890682;3;0
2026-04-16 12:00:00;16.04.2026 12:00;16.04.2026 13:00;4027.76;1519.24;2078.35;2821.94;39960.09;100.85;0.0;4956.78;2015.84;3188.86;64.53;1654.33;12;1.2246467991473532e-16;-1.0;3;0
2026-04-16 13:00:00;16.04.2026 13:00;16.04.2026 14:00;4048.5;1544.01;2119.35;4065.59;38519.47;96.41;0.0;5091.21;1955.38;3145.97;54.76;1655.1;13;-0.2588190451025208;-0.9659258262890683;3;0
2026-04-16 14:00:00;16.04.2026 14:00;16.04.2026 15:00;4053.66;1683.99;2326.27;5339.13;35916.06;95.16;0.0;5659.36;1949.5;3130.52;19.93;1663.86;14;-0.4999999999999997;-0.8660254037844388;3;0
2026-04-16 15:00:00;16.04.2026 15:00;16.04.2026 16:00;4091.08;1658.13;2046.22;6088.25;31088.83;94.74;0.0;6500.16;2209.9;3169.83;53.1;1656.98;15;-0.7071067811865471;-0.7071067811865479;3;0
2026-04-16 16:00:00;16.04.2026 16:00;16.04.2026 17:00;4193.36;1561.91;1910.01;6056.08;24180.77;94.74;0.0;7357.31;3244.96;3770.33;52.49;1681.5;16;-0.8660254037844384;-0.5000000000000004;3;0
2026-04-16 17:00:00;16.04.2026 17:00;16.04.2026 18:00;4313.52;1489.8;1527.28;5537.33;16649.97;94.74;0.0;8379.84;4330.19;6307.92;26.23;1719.02;17;-0.9659258262890683;-0.25881904510252063;3;0
2026-04-16 18:00:00;16.04.2026 18:00;16.04.2026 19:00;4510.27;1473.67;1056.95;4230.53;8724.15;94.74;0.0;8435.05;4783.34;9225.45;1199.93;1808.97;18;-1.0;-1.8369701987210297e-16;3;0
2026-04-16 19:00:00;16.04.2026 19:00;16.04.2026 20:00;4594.88;1455.71;732.31;2976.26;2390.2;94.74;0.0;8496.73;4992.8;9686.63;3722.32;1829.42;19;-0.9659258262890684;0.2588190451025203;3;0
2026-04-16 20:00:00;16.04.2026 20:00;16.04.2026 21:00;4584.5;1589.49;346.28;2430.18;67.84;94.74;0.0;8644.32;5238.17;9989.41;5290.2;1806.56;20;-0.8660254037844386;0.5000000000000001;3;0
2026-04-16 21:00:00;16.04.2026 21:00;16.04.2026 22:00;4518.77;1577.56;175.4;2325.01;0.0;94.74;0.0;8614.95;4899.21;9785.78;4791.33;1790.07;21;-0.7071067811865477;0.7071067811865474;3;0
2026-04-16 22:00:00;16.04.2026 22:00;16.04.2026 23:00;4387.15;1489.47;105.85;2398.26;0.0;94.74;0.0;8608.02;4733.9;9543.85;1927.69;1763.84;22;-0.5000000000000004;0.8660254037844384;3;0
2026-04-16 23:00:00;16.04.2026 23:00;17.04.2026 00:00;4223.63;1464.21;52.31;2339.33;0.0;94.74;0.0;8742.33;4714.64;9161.12;520.15;1744.82;23;-0.25881904510252157;0.9659258262890681;3;0
2026-04-17 00:00:00;17.04.2026 00:00;17.04.2026 01:00;4071.31;1460.88;39.14;2435.38;0.0;97.11;0.0;8875.19;4741.56;8908.66;230.33;1883.13;0;0.0;1.0;4;0
2026-04-17 01:00:00;17.04.2026 01:00;17.04.2026 02:00;4079.77;1455.56;220.01;2428.88;0.0;94.74;0.0;8965.31;4759.89;8780.53;25.47;1880.8;1;0.25881904510252074;0.9659258262890683;4;0
2026-04-17 02:00:00;17.04.2026 02:00;17.04.2026 03:00;4073.15;1463.58;439.04;2463.54;0.0;94.74;0.0;8956.1;4735.3;8596.55;49.12;1846.14;2;0.49999999999999994;0.8660254037844387;4;0
2026-04-17 03:00:00;17.04.2026 03:00;17.04.2026 04:00;4066.44;1452.47;618.37;2560.62;0.0;94.74;0.0;8995.58;4507.9;8637.7;29.81;1845.93;3;0.7071067811865475;0.7071067811865476;4;0
2026-04-17 04:00:00;17.04.2026 04:00;17.04.2026 05:00;4128.07;1444.76;945.11;2699.96;0.0;94.74;0.0;9006.91;4564.81;8853.61;24.46;1851.14;4;0.8660254037844386;0.5000000000000001;4;0
2026-04-17 05:00:00;17.04.2026 05:00;17.04.2026 06:00;4205.22;1426.15;1270.64;2670.97;0.18;94.74;0.0;9035.52;4549.74;9386.94;124.27;1837.44;5;0.9659258262890683;0.25881904510252074;4;0
2026-04-17 06:00:00;17.04.2026 06:00;17.04.2026 07:00;4384.48;1422.41;1616.33;2785.68;662.37;94.74;0.0;9008.24;4533.98;9824.61;3180.64;1820.74;6;1.0;6.123233995736766e-17;4;0
2026-04-17 07:00:00;17.04.2026 07:00;17.04.2026 08:00;4534.11;1507.05;1517.93;2834.95;6481.75;94.74;0.0;8558.0;4815.48;9947.86;2664.73;1815.27;7;0.9659258262890683;-0.25881904510252063;4;0
2026-04-17 08:00:00;17.04.2026 08:00;17.04.2026 09:00;4538.1;1560.61;1301.17;2136.52;17662.8;94.74;0.0;7461.94;4799.27;9098.46;668.18;1859.09;8;0.8660254037844387;-0.4999999999999998;4;0
2026-04-17 09:00:00;17.04.2026 09:00;17.04.2026 10:00;4438.69;1547.18;1186.58;1021.49;30375.01;94.74;0.0;6223.56;3803.91;6166.99;84.62;1875.57;9;0.7071067811865476;-0.7071067811865475;4;0
2026-04-17 10:00:00;17.04.2026 10:00;17.04.2026 11:00;4295.23;1587.62;842.59;677.66;40481.88;94.24;0.0;4763.87;2952.28;3716.39;89.27;1886.0;10;0.49999999999999994;-0.8660254037844387;4;0
2026-04-17 11:00:00;17.04.2026 11:00;17.04.2026 12:00;4179.14;1562.08;605.15;748.52;46720.33;93.74;0.0;4166.26;2885.32;3017.84;17.3;1823.79;11;0.258819045102521;-0.9659258262890682;4;0
2026-04-17 12:00:00;17.04.2026 12:00;17.04.2026 13:00;4071.0;1549.05;415.14;836.99;48300.33;93.74;0.0;4286.09;2460.38;2739.18;67.72;1822.68;12;1.2246467991473532e-16;-1.0;4;0
2026-04-17 13:00:00;17.04.2026 13:00;17.04.2026 14:00;4050.71;1550.15;504.04;871.6;46755.25;93.74;0.0;4381.77;2160.98;2662.11;22.52;1792.56;13;-0.2588190451025208;-0.9659258262890683;4;0
2026-04-17 14:00:00;17.04.2026 14:00;17.04.2026 15:00;4039.48;1532.34;504.37;888.77;42857.84;93.74;0.0;4499.74;2226.05;2664.02;29.65;1815.61;14;-0.4999999999999997;-0.8660254037844388;4;0
2026-04-17 15:00:00;17.04.2026 15:00;17.04.2026 16:00;4076.87;1559.69;363.85;935.05;36789.61;93.74;0.0;4677.24;2276.5;2738.6;4.9;1844.43;15;-0.7071067811865471;-0.7071067811865479;4;0
2026-04-17 16:00:00;17.04.2026 16:00;17.04.2026 17:00;4199.63;1579.36;373.8;1207.82;29626.42;93.99;0.0;6302.87;2795.54;3533.17;6.35;1878.79;16;-0.8660254037844384;-0.5000000000000004;4;0
2026-04-17 17:00:00;17.04.2026 17:00;17.04.2026 18:00;4331.58;1528.87;372.36;1485.37;19766.94;94.74;0.0;8582.25;3706.63;6146.92;388.31;1902.87;17;-0.9659258262890683;-0.25881904510252063;4;0
2026-04-17 18:00:00;17.04.2026 18:00;17.04.2026 19:00;4538.17;1502.98;379.33;2201.37;9556.98;94.74;0.0;8896.5;4260.26;8443.39;1593.27;1916.41;18;-1.0;-1.8369701987210297e-16;4;0
2026-04-17 19:00:00;17.04.2026 19:00;17.04.2026 20:00;4639.34;1551.36;334.96;3372.21;2400.11;94.74;0.0;8908.14;4301.99;9050.44;4454.24;1918.84;19;-0.9659258262890684;0.2588190451025203;4;0
2026-04-17 20:00:00;17.04.2026 20:00;17.04.2026 21:00;4618.95;1576.68;374.89;5088.77;85.7;94.74;0.0;8903.84;4310.77;9177.52;5208.59;1926.35;20;-0.8660254037844386;0.5000000000000001;4;0
2026-04-17 21:00:00;17.04.2026 21:00;17.04.2026 22:00;4554.41;1532.83;564.9;6904.0;0.08;94.74;0.0;8665.42;4316.65;9076.16;4833.82;1914.11;21;-0.7071067811865477;0.7071067811865474;4;0
2026-04-17 22:00:00;17.04.2026 22:00;17.04.2026 23:00;4415.19;1503.4;792.94;7739.13;0.01;94.74;0.0;8700.41;4248.34;8721.75;3486.3;1943.81;22;-0.5000000000000004;0.8660254037844384;4;0
2026-04-17 23:00:00;17.04.2026 23:00;18.04.2026 00:00;4271.37;1493.9;967.03;7930.1;0.01;94.74;0.0;8768.62;4025.52;8206.93;1310.54;1942.03;23;-0.25881904510252157;0.9659258262890681;4;0
2026-04-18 00:00:00;18.04.2026 00:00;18.04.2026 01:00;4148.2;1503.24;1126.56;7910.45;0.01;94.74;0.0;8137.33;3854.31;6658.74;897.88;1942.03;0;0.0;1.0;5;1
2026-04-18 01:00:00;18.04.2026 01:00;18.04.2026 02:00;4118.69;1418.71;1116.98;7181.55;0.0;94.74;0.0;7847.43;3409.8;6010.38;308.55;1921.82;1;0.25881904510252074;0.9659258262890683;5;1
2026-04-18 02:00:00;18.04.2026 02:00;18.04.2026 03:00;4099.88;1395.46;934.22;6571.05;0.0;94.74;0.0;7915.12;2769.84;5919.18;559.45;1913.65;2;0.49999999999999994;0.8660254037844387;5;1
2026-04-18 03:00:00;18.04.2026 03:00;18.04.2026 04:00;4110.85;1401.32;731.28;5735.28;0.0;94.74;0.0;7866.83;2715.03;5933.01;468.88;1933.0;3;0.7071067811865475;0.7071067811865476;5;1
2026-04-18 04:00:00;18.04.2026 04:00;18.04.2026 05:00;4149.22;1404.01;561.6;5061.97;0.0;94.74;0.0;7938.22;2759.39;5902.32;241.42;1944.34;4;0.8660254037844386;0.5000000000000001;5;1
2026-04-18 05:00:00;18.04.2026 05:00;18.04.2026 06:00;4231.32;1376.9;514.9;4515.72;0.58;94.74;0.0;7956.01;3061.49;5994.4;781.62;1901.43;5;0.9659258262890683;0.25881904510252074;5;1
2026-04-18 06:00:00;18.04.2026 06:00;18.04.2026 07:00;4457.77;1393.26;587.53;4389.05;642.66;94.74;0.0;7781.95;3124.85;5931.74;1849.86;1886.36;6;1.0;6.123233995736766e-17;5;1
2026-04-18 07:00:00;18.04.2026 07:00;18.04.2026 08:00;4608.56;1446.76;894.21;4010.28;5407.91;94.74;0.0;7346.28;2786.79;5013.89;518.22;1903.7;7;0.9659258262890683;-0.25881904510252063;5;1
2026-04-18 08:00:00;18.04.2026 08:00;18.04.2026 09:00;4613.37;1470.84;1038.48;2761.28;14654.4;94.74;0.0;6699.93;2439.51;3360.29;92.06;1926.47;8;0.8660254037844387;-0.4999999999999998;5;1
2026-04-18 09:00:00;18.04.2026 09:00;18.04.2026 10:00;4485.58;1498.38;872.02;1298.79;25193.36;94.74;0.0;4862.24;1876.11;3058.88;127.21;1879.34;9;0.7071067811865476;-0.7071067811865475;5;1
2026-04-18 10:00:00;18.04.2026 10:00;18.04.2026 11:00;4300.6;1530.61;773.67;819.62;34145.69;94.74;0.0;3717.83;1699.96;2642.84;83.69;1937.03;10;0.49999999999999994;-0.8660254037844387;5;1
2026-04-18 11:00:00;18.04.2026 11:00;18.04.2026 12:00;4177.68;1519.38;736.58;960.67;40861.22;94.74;0.0;3348.86;1547.1;2394.26;18.44;1926.39;11;0.258819045102521;-0.9659258262890682;5;1
2026-04-18 12:00:00;18.04.2026 12:00;18.04.2026 13:00;4082.39;1454.04;825.97;1610.85;41786.31;94.74;0.0;3210.68;1527.49;2202.05;3.87;1930.04;12;1.2246467991473532e-16;-1.0;5;1
2026-04-18 13:00:00;18.04.2026 13:00;18.04.2026 14:00;4043.51;1434.58;701.68;2083.13;38681.65;94.74;0.0;3236.87;1586.48;2215.9;4.52;1934.11;13;-0.2588190451025208;-0.9659258262890683;5;1
2026-04-18 14:00:00;18.04.2026 14:00;18.04.2026 15:00;4046.68;1421.38;496.84;2626.42;32069.33;94.74;0.0;3571.02;1856.37;2264.97;230.48;1837.16;14;-0.4999999999999997;-0.8660254037844388;5;1
2026-04-18 15:00:00;18.04.2026 15:00;18.04.2026 16:00;4085.99;1465.0;638.01;3011.86;25691.62;94.74;0.0;4606.74;2011.49;2502.56;604.23;1856.56;15;-0.7071067811865471;-0.7071067811865479;5;1
2026-04-18 16:00:00;18.04.2026 16:00;18.04.2026 17:00;4215.62;1462.01;664.33;3215.0;18752.54;94.74;0.0;5423.12;2375.86;2785.26;128.5;1855.75;16;-0.8660254037844384;-0.5000000000000004;5;1
2026-04-18 17:00:00;18.04.2026 17:00;18.04.2026 18:00;4378.02;1474.14;744.95;3246.01;12369.2;94.74;0.0;5997.5;2675.39;3689.28;479.1;1925.88;17;-0.9659258262890683;-0.25881904510252063;5;1
2026-04-18 18:00:00;18.04.2026 18:00;18.04.2026 19:00;4546.52;1462.89;889.31;3559.12;6153.25;94.74;0.0;6294.9;3192.85;5743.55;2083.41;1948.0;18;-1.0;-1.8369701987210297e-16;5;1
2026-04-18 19:00:00;18.04.2026 19:00;18.04.2026 20:00;4638.69;1464.74;1115.58;3951.72;1605.29;94.74;0.0;6545.51;3479.07;6371.81;3394.84;1963.12;19;-0.9659258262890684;0.2588190451025203;5;1
2026-04-18 20:00:00;18.04.2026 20:00;18.04.2026 21:00;4634.16;1464.63;1109.07;3832.57;51.8;94.74;0.0;6606.07;3803.25;6524.83;4480.92;1958.03;20;-0.8660254037844386;0.5000000000000001;5;1
2026-04-18 21:00:00;18.04.2026 21:00;18.04.2026 22:00;4568.97;1461.17;1053.31;4101.45;0.05;94.74;0.0;6649.23;4009.92;6587.94;4432.88;1960.92;21;-0.7071067811865477;0.7071067811865474;5;1
2026-04-18 22:00:00;18.04.2026 22:00;18.04.2026 23:00;4426.22;1436.42;974.12;3976.65;0.02;94.74;0.0;6649.55;4231.43;6545.26;3173.83;1964.38;22;-0.5000000000000004;0.8660254037844384;5;1
2026-04-18 23:00:00;18.04.2026 23:00;19.04.2026 00:00;4284.99;1439.38;791.77;3657.1;0.02;94.74;0.0;6325.49;4124.24;6282.89;2214.65;1966.19;23;-0.25881904510252157;0.9659258262890681;5;1
2026-04-19 00:00:00;19.04.2026 00:00;19.04.2026 01:00;4167.01;1509.47;648.99;3377.23;0.01;94.74;0.0;6132.55;3575.43;6202.53;1362.96;1989.19;0;0.0;1.0;6;1
2026-04-19 01:00:00;19.04.2026 01:00;19.04.2026 02:00;4122.16;1463.94;574.28;3486.94;0.01;94.74;0.0;6151.87;3507.23;5701.25;664.61;1972.0;1;0.25881904510252074;0.9659258262890683;6;1
2026-04-19 02:00:00;19.04.2026 02:00;19.04.2026 03:00;4093.47;1408.29;659.53;3653.62;0.0;94.74;0.0;6137.7;3519.56;5207.05;625.26;1953.2;2;0.49999999999999994;0.8660254037844387;6;1
2026-04-19 03:00:00;19.04.2026 03:00;19.04.2026 04:00;4089.7;1435.14;680.31;4463.14;0.0;94.74;0.0;6127.5;3503.88;4550.83;130.06;1962.09;3;0.7071067811865475;0.7071067811865476;6;1
2026-04-19 04:00:00;19.04.2026 04:00;19.04.2026 05:00;4126.32;1380.69;753.21;5116.35;0.0;94.74;0.0;6126.35;3453.46;4625.09;49.69;1973.44;4;0.8660254037844386;0.5000000000000001;6;1
2026-04-19 05:00:00;19.04.2026 05:00;19.04.2026 06:00;4215.23;1363.09;930.14;6613.78;0.18;94.74;0.0;5989.34;3465.58;4723.03;39.82;1958.56;5;0.9659258262890683;0.25881904510252074;6;1
2026-04-19 06:00:00;19.04.2026 06:00;19.04.2026 07:00;4446.03;1368.56;1322.65;7468.72;418.35;94.74;0.0;5982.79;3200.05;4425.47;110.03;1920.41;6;1.0;6.123233995736766e-17;6;1
2026-04-19 07:00:00;19.04.2026 07:00;19.04.2026 08:00;4558.9;1393.23;1371.72;8235.2;3119.27;94.49;0.0;5876.14;2879.98;4300.84;124.17;1918.64;7;0.9659258262890683;-0.25881904510252063;6;1
2026-04-19 08:00:00;19.04.2026 08:00;19.04.2026 09:00;4543.56;1394.05;1586.88;8933.48;7713.51;93.74;0.0;5271.17;1979.88;3678.93;24.27;1913.37;8;0.8660254037844387;-0.4999999999999998;6;1
2026-04-19 09:00:00;19.04.2026 09:00;19.04.2026 10:00;4428.1;1432.97;2041.85;8896.16;13347.35;93.74;0.0;3602.52;1861.37;3089.5;20.65;1864.26;9;0.7071067811865476;-0.7071067811865475;6;1
2026-04-19 10:00:00;19.04.2026 10:00;19.04.2026 11:00;4246.91;1536.31;2163.66;8738.18;17655.14;93.74;0.0;3045.57;1543.13;2393.46;46.9;1817.06;10;0.49999999999999994;-0.8660254037844387;6;1
2026-04-19 11:00:00;19.04.2026 11:00;19.04.2026 12:00;4147.75;1493.72;2055.27;10478.38;20338.92;93.74;0.0;2810.85;1470.22;2046.99;5.81;1822.46;11;0.258819045102521;-0.9659258262890682;6;1
2026-04-19 12:00:00;19.04.2026 12:00;19.04.2026 13:00;4042.38;1580.22;2476.05;12649.84;22776.25;93.74;0.0;2717.59;1472.84;2027.08;8.81;1864.8;12;1.2246467991473532e-16;-1.0;6;1
2026-04-19 13:00:00;19.04.2026 13:00;19.04.2026 14:00;4010.98;1551.5;2413.28;13846.54;22977.55;93.74;0.0;2698.4;1650.39;2059.9;5.84;1881.5;13;-0.2588190451025208;-0.9659258262890683;6;1
2026-04-19 14:00:00;19.04.2026 14:00;19.04.2026 15:00;3995.01;1586.8;2410.66;14973.88;22376.85;93.74;0.0;2636.4;1666.78;2064.93;7.29;1867.67;14;-0.4999999999999997;-0.8660254037844388;6;1
2026-04-19 15:00:00;19.04.2026 15:00;19.04.2026 16:00;4005.3;1567.47;2775.93;16492.71;21113.01;93.74;0.0;2670.78;1652.45;2071.66;7.47;1863.51;15;-0.7071067811865471;-0.7071067811865479;6;1
2026-04-19 16:00:00;19.04.2026 16:00;19.04.2026 17:00;4131.97;1573.49;2724.79;18782.84;18780.49;93.74;0.0;2952.24;1654.69;2090.5;11.53;1845.21;16;-0.8660254037844384;-0.5000000000000004;6;1
2026-04-19 17:00:00;19.04.2026 17:00;19.04.2026 18:00;4331.99;1597.36;3521.06;22012.02;13966.79;94.24;0.0;3638.11;1844.76;2620.38;39.42;1859.8;17;-0.9659258262890683;-0.25881904510252063;6;1
2026-04-19 18:00:00;19.04.2026 18:00;19.04.2026 19:00;4546.18;1582.8;3899.93;21696.41;7712.36;94.74;0.0;5496.13;2356.19;3902.5;212.58;1900.38;18;-1.0;-1.8369701987210297e-16;6;1
2026-04-19 19:00:00;19.04.2026 19:00;19.04.2026 20:00;4629.65;1589.59;4411.49;19997.3;2171.18;94.74;0.0;6551.01;3262.17;4839.62;638.32;1940.41;19;-0.9659258262890684;0.2588190451025203;6;1
2026-04-19 20:00:00;19.04.2026 20:00;19.04.2026 21:00;4613.15;1608.91;4704.77;18365.84;82.63;94.74;0.0;6393.37;3413.2;4830.2;1161.02;1931.53;20;-0.8660254037844386;0.5000000000000001;6;1
2026-04-19 21:00:00;19.04.2026 21:00;19.04.2026 22:00;4545.72;1589.76;4801.62;17107.91;0.45;94.74;0.0;6779.43;3986.39;4848.02;1060.78;1919.66;21;-0.7071067811865477;0.7071067811865474;6;1
2026-04-19 22:00:00;19.04.2026 22:00;19.04.2026 23:00;4410.16;1570.24;4661.81;16959.28;0.02;94.74;0.0;6368.46;4107.72;5192.11;891.16;1750.79;22;-0.5000000000000004;0.8660254037844384;6;1
2026-04-19 23:00:00;19.04.2026 23:00;20.04.2026 00:00;4278.28;1474.68;4377.88;17334.6;0.02;94.74;0.0;6221.63;3861.13;4581.91;144.15;1746.88;23;-0.25881904510252157;0.9659258262890681;6;1
